term_name,description,field_authority_link,field_location_of_meeting,field_num_of_section_or_meet,field_primary_name,,field_subordinate_name,,field_unique_id
A. H. Grape and Co.,,,,,A. H. Grape and Co.,,,,cb1d1051-691a-4728-8039-7443c2217cad
A. Hoen & Co.,,http://id.loc.gov/authorities/names/n50023560|||lcnaf|http://viaf.org/viaf/138342013|||viaf,,,A. Hoen & Co.,,,,df8b2462-1e67-413a-a140-c824e20add74
A. Jackson Co.,,,,,A. Jackson Co.,,,,f6326e3f-cbf1-43eb-8859-95555baa9973
ABC Television Network,,http://viaf.org/viaf/129083767|||viaf|http://id.loc.gov/authorities/names/n85376652|||lcnaf,,,ABC Television Network,,,,7cf30c11-94be-455b-a8cd-5714d249e8ee
ABC-TV Photo Division,Location information: New York|basic_html|Location information: New York,,,,ABC-TV Photo Division,,,,194aa6f9-6025-4408-a3c7-fb2ca72b2ee0
Albany Art Union,,http://viaf.org/viaf/123332161|||viaf|http://id.loc.gov/authorities/names/n98015091|||lcnaf,,,Albany Art Union,,,,3c7d8648-6f5a-44d1-b11c-af6ece5deb86
"Alfred A. Knopf, Inc.",,http://viaf.org/viaf/142395924|||viaf|http://id.loc.gov/authorities/names/n50062227|||lcnaf,,,"Alfred A. Knopf, Inc.",,,,5baecd35-6b2d-41f1-a724-2fb3dd74dabb
Alman & Co.,"Location information: New York City, NY|basic_html|Location information: New York City, NY",http://id.loc.gov/authorities/names/no2009160567|||lcnaf|http://viaf.org/viaf/121176577|||viaf,,,Alman & Co.,,,,0f8b82ee-5410-49d5-b43a-bf6823d0de6d
Alpha Epsilon Pi,,http://viaf.org/viaf/143063247|||viaf|http://id.loc.gov/authorities/names/n80049530|||lcnaf,,,Alpha Epsilon Pi,,,,cd681aaa-d5c7-4523-ad0e-2d8597197e8d
American Association of University Women,,http://viaf.org/viaf/140137355|||viaf|http://id.loc.gov/authorities/names/n79100563|||lcnaf,,,American Association of University Women,,,,1fa2cc98-72ad-44a9-89a1-e2e185bd8ab3
American Civil Liberties Union,,http://viaf.org/viaf/124191829|||viaf|http://id.loc.gov/authorities/names/n79079580|||lcnaf,,,American Civil Liberties Union,,,,dbdfb36b-e88a-41eb-ab8f-c6d6e0a25c09
American Foto-News,Location information: New York|basic_html|Location information: New York,,,,American Foto-News,,,,e0d5a000-d2fa-4336-b8c0-36a14e8ba2e7
American Heart Association,,http://viaf.org/viaf/139377934|||viaf|http://id.loc.gov/authorities/names/n79007195|||lcnaf,,,American Heart Association,,,,21695ca8-c40a-4fec-bd6a-d194fc094f32
American School of Classical Studies at Athens,,http://viaf.org/viaf/133339899|||viaf|http://id.loc.gov/authorities/names/n79058461|||lcnaf,,,American School of Classical Studies at Athens,,,,24c1fe1f-4762-47b0-b627-6e2b3eac4e81
AmeriCorps (U.S.),,http://viaf.org/viaf/153899556|||viaf|http://id.loc.gov/authorities/names/no94023873|||lcnaf,,,AmeriCorps (U.S.),,,,703a10c8-2b36-43ef-9c57-e556225e1756
ANSA,,,,,ANSA,,,,fa25055f-0302-4323-8f64-6a07a0aca819
Apollo 17 (Spacecraft),,http://viaf.org/viaf/147897326|||viaf|http://id.loc.gov/authorities/names/n93060597|||lcnaf,,,Apollo 17 (Spacecraft),,,,905c5770-9630-4620-a4ce-566d9be1a97b
Army Photographic Agency,"Location information: Washington, DC|basic_html|Location information: Washington, DC",,,,Army Photographic Agency,,,,261f7ace-9b8f-476c-ad6b-f317865f80f5
Arthur Studio,,,,,Arthur Studio,,,,214009f4-afc3-41ee-a983-97d8ca325d78
Artvue Post Card Co.,,,,,Artvue Post Card Co.,,,,30a1d31e-0a70-44c0-86bc-38ee19678c2d
Ashinan Photo,,,,,Ashinan Photo,,,,701b950b-b8b4-4273-856f-fbfa266cc70a
Ashman Studio,,,,,Ashman Studio,,,,526d6f8a-f81c-4c48-9ae7-4e4be6063a6d
Association of American Universities,,http://viaf.org/viaf/137100626|||viaf|http://id.loc.gov/authorities/names/n84038160|||lcnaf,,,Association of American Universities,,,,f161f5b5-fa84-4ed4-95e3-449a26751cc0
Association of Universities for Research in Astronomy,,http://viaf.org/viaf/135467076|||viaf|http://id.loc.gov/authorities/names/n82115526|||lcnaf,,,Association of Universities for Research in Astronomy,,,,5f504734-0341-478c-8514-cbb6f4175637
Atkinson Studio,"Location information: Austin, TX|basic_html|Location information: Austin, TX",,,,Atkinson Studio,,,,e08c82c1-93d7-49dd-878f-abdf9b271fdd
Atomic Bomb Casualty Commission,,http://viaf.org/viaf/132297183|||viaf|http://id.loc.gov/authorities/names/n50073710|||lcnaf,,,Atomic Bomb Casualty Commission,,,,e6234252-ed3e-4289-af1e-b7e70b4874e5
Augusta Photographers,"Location information: Augusta, GA|basic_html|Location information: Augusta, GA",,,,Augusta Photographers,,,,442dbe41-c39c-4db1-9f32-17cb53c9447a
Bachrach,"Location information: Baltimore, MD|basic_html|Location information: Baltimore, MD",http://viaf.org/viaf/23898990|||viaf|http://id.loc.gov/authorities/names/n97859552|||lcnaf,,,Bachrach,,,,168ee71e-abf9-44d8-967b-e303770493dc
Bachrach & Bro.,,,,,Bachrach & Bro.,,,,a913ac4e-9333-4d78-99c5-9a3e5a1735f3
Baltimore (Md.). City Council,,http://viaf.org/viaf/1179145424596586830096|||viaf|http://id.loc.gov/authorities/names/n88613580|||lcnaf,,,Baltimore (Md.),,City Council,,dc7ffbfe-a449-42e3-8f76-4ecb1c2a4f27
Baltimore and Ohio Railroad Company,,http://viaf.org/viaf/128436378|||viaf|http://id.loc.gov/authorities/names/n79085090|||lcnaf,,,Baltimore and Ohio Railroad Company,,,,eb9f3c90-f570-4e3b-8dba-67905dab0cf6
Baltimore City College,,http://viaf.org/viaf/138487667|||viaf|http://id.loc.gov/authorities/names/n88238895|||lcnaf,,,Baltimore City College,,,,4770dbea-4cd8-4f26-a01d-f932ba640d5b
Baltimore City Public Schools,,http://viaf.org/viaf/144213413|||viaf|http://id.loc.gov/authorities/names/n50027055|||lcnaf,,,Baltimore City Public Schools,,,,f8b3c406-5d5c-490b-8de2-a038519dcdf4
"Baltimore Flying Service, Inc.",,,,,"Baltimore Flying Service, Inc.",,,,1a26d6af-eaf4-4479-9d49-8bf0a277bf44
Baltimore Gas and Electric Company,,http://viaf.org/viaf/122888270|||viaf|http://id.loc.gov/authorities/names/n84040666|||lcnaf,,,Baltimore Gas and Electric Company,,,,23b11c77-727f-41a6-a26c-28519afbd0f7
Baltimore Museum of Art,,http://viaf.org/viaf/139120204|||viaf|http://id.loc.gov/authorities/names/n79079550|||lcnaf,,,Baltimore Museum of Art,,,,01f83bdb-c764-4d19-a0fb-8dfd80cce189
Baltimore Orioles (Baseball team),,http://viaf.org/viaf/124327238|||viaf|http://id.loc.gov/authorities/names/n79151564|||lcnaf,,,Baltimore Orioles (Baseball team),,,,e0aad625-6ea7-4dd5-9212-b4e374de5887
Baltimore sun,,http://viaf.org/viaf/186603738|||viaf|http://id.loc.gov/authorities/names/no2010112182|||lcnaf,,,Baltimore sun,,,,848fa500-e523-47d1-ab28-4ba9d7047702
Baltimore Symphony Orchestra,,http://viaf.org/viaf/144389490|||viaf|http://id.loc.gov/authorities/names/n82010866|||lcnaf,,,Baltimore Symphony Orchestra,,,,607fbd9f-fdb5-4895-9e12-60e7e477dd55
Baltimore Woodwinds,,,,,Baltimore Woodwinds,,,,f3791b53-207a-4d9b-ba41-c913d54827f7
Baltimore YMCA,,http://viaf.org/viaf/145937451|||viaf|http://id.loc.gov/authorities/names/n2001099210|||lcnaf,,,Baltimore YMCA,,,,7b1ce322-31ab-4928-9939-56018a757651
Baltimore. Model Cities Section,,http://viaf.org/viaf/143037565|||viaf|http://id.loc.gov/authorities/names/n50066523|||lcnaf,,,Baltimore,,Model Cities Section,,f56911d1-1c1c-4a4e-af75-d338835c60a6
"Beake-Huntington, Inc.","Location information: Springfield, MA|basic_html|Location information: Springfield, MA",,,,"Beake-Huntington, Inc.",,,,452a62cf-da9b-4d2a-af5f-3bb338920a7b
Bell Telephone Laboratories‏,,http://viaf.org/viaf/133679516|||viaf|http://id.loc.gov/authorities/names/n79093275|||lcnaf,,,Bell Telephone Laboratories‏,,,,64fc7a6a-7017-4322-b69f-e56a2363356a
Bendann Bros.,,http://viaf.org/viaf/254642983|||viaf|http://id.loc.gov/authorities/names/no2012114540|||lcnaf,,,Bendann Bros.,,,,c76a3ba1-ed69-441c-9fa2-eb18f0095036
Bendann Studios,,,,,Bendann Studios,,,,5163030e-d9c1-47b8-bb6b-02a6ea2f025d
Bethlehem Steel Corporation,,http://viaf.org/viaf/126114029|||viaf|http://id.loc.gov/authorities/names/n50077079|||lcnaf,,,Bethlehem Steel Corporation,,,,77bb4620-127e-4d06-bfb0-ace9fa4010b8
Black Panther Party,,http://viaf.org/viaf/148335011|||viaf|http://id.loc.gov/authorities/names/n80095585|||lcnaf,,,Black Panther Party,,,,0ca8f2b1-98b3-4d2e-bec8-57d7e942fac3
Blackstone Studios,Location information: New York|basic_html|Location information: New York,,,,Blackstone Studios,,,,4822f8c5-7aa0-4d53-bb12-147d7483dd53
Blakeslee-Lane,"Location information: Baltimore, MD|basic_html|Location information: Baltimore, MD",,,,Blakeslee-Lane,,,,a3f72051-c33e-4d7f-8c7c-76cd1af70264
Blank & Stoller,,,,,Blank & Stoller,,,,5290dab1-0a34-4c7d-b13e-172f9ea0c5a3
Blessing & Co.,,,,,Blessing & Co.,,,,e4c38fef-1433-4a81-b6df-4471e5a5d4c7
Blessing & Kuhn,,,,,Blessing & Kuhn,,,,f63829c4-2520-469d-b0ec-d23bffe3dd10
Blue Key Society,,,,,Blue Key Society,,,,5dbd176e-e5f8-4e58-9b8e-f360adedccc6
Bogart Studio,,http://viaf.org/viaf/255736404|||viaf|http://id.loc.gov/authorities/names/no2012088864|||lcnaf,,,Bogart Studio,,,,c0fa5c8b-b4cb-433f-8e1a-d7c4b1ce0245
Bourne & Shepherd,"Location information: Simla, India|basic_html|Location information: Simla, India",http://viaf.org/viaf/132430450|||viaf|http://id.loc.gov/authorities/names/n84022583|||lcnaf,,,Bourne & Shepherd,,,,5223d451-727d-41ef-a2da-d8ca7ddf2fb5
Boy Scouts of America,,http://viaf.org/viaf/134291122|||viaf|http://id.loc.gov/authorities/names/n79053967|||lcnaf,,,Boy Scouts of America,,,,8985e3fd-ddcf-4604-819e-5602d40cc661
Bradley & Rulofson,"Location information: San Francisco, CA|basic_html|Location information: San Francisco, CA",http://id.loc.gov/authorities/names/nr2001044513|||lcnaf|http://viaf.org/viaf/142311068|||viaf,,,Bradley & Rulogson,,,,8ff85928-b295-474c-b5d2-224b192709a3
British Broadcasting Corporation,,http://viaf.org/viaf/127458402|||viaf|http://id.loc.gov/authorities/names/n79074359|||lcnaf,,,British Broadcasting Corporation,,,,13c4e1ea-bb07-420e-bfbb-389b83511cf2
British Information Services,,http://viaf.org/viaf/124912515|||viaf|http://id.loc.gov/authorities/names/n79004218|||lcnaf,,,British Information Services,,,,7a85760c-c18f-44f6-8662-2f1e35026bd9
Brookhaven National Laboratory,,http://viaf.org/viaf/144875663|||viaf|http://id.loc.gov/authorities/names/n79034815|||lcnaf,,,Brookhaven National Laboratory,,,,3212d8d6-f612-4a11-9f24-f6bc47bfbcde
Brookner Studios,"Location information: Pittsburgh, PA|basic_html|Location information: Pittsburgh, PA",,,,Brookner Studios,,,,3eb98904-c878-4495-82e7-67b7c22661ee
Brown University. Photographic Lab,"Location information: Providence, RI|basic_html|Location information: Providence, RI",,,,Brown University,,Photographic Lab,,6620b2e5-4079-4950-ba4f-4f9f6607c8e3
Bryn Mawr College,,http://viaf.org/viaf/156742565|||viaf|http://id.loc.gov/authorities/names/n50049445|||lcnaf,,,Bryn Mawr College,,,,d4a7118b-5b26-4057-8aa5-dd53d4c2c8e6
"Buckler, Fenhagen, Meyer & Ayers",,,,,"Buckler, Fenhagen, Meyer & Ayers",,,,a5a0861b-0893-452f-851f-70693bee5a3e
California Institute of Technology,,http://viaf.org/viaf/156631200|||viaf|http://id.loc.gov/authorities/names/n79022880|||lcnaf,,,California Institute of Technology,,,,a07fed84-8c81-46fd-9fe0-d969a3bb4d6b
"Cameramen, Inc.",,,,,"Cameramen, Inc.",,,,8af47a83-d508-4535-afcb-940b3255ce5c
Canadian Government Motion Picture Bureau,,http://viaf.org/viaf/144167300|||viaf|http://id.loc.gov/authorities/names/n80121339|||lcnaf,,,Canadian Government Motion Picture Bureau,,,,739e6d32-a667-4f2c-aec2-a1ef2ea4866a
Carlyle Studios,"Location information: 28 West 57th Street New York, NY|basic_html|Location information: 28 West 57th Street New York, NY",,,,Carlyle Studios,,,,01c7d7ee-f0b8-4956-be8f-b1590e21a803
"Carnegie Institute of Washington, D.C.",,,,,"Carnegie Institute of Washington, D.C.",,,,95614160-8e11-49a2-8739-e291289729ad
Carrère & Hastings,,http://id.loc.gov/authorities/names/nr90002315|||lcnaf|http://viaf.org/viaf/267787115|||viaf,,,Carrère & Hastings,,,,6ab3bdb8-75b3-48d9-97c0-5e9f47b95d53
Carruther's Studio,"Location information: San Jose, CA|basic_html|Location information: San Jose, CA",,,,Carruther's Studio,,,,0c825095-c282-4752-81c7-a759c260256d
Cassini (Spacecraft),,http://viaf.org/viaf/159837654|||viaf|http://id.loc.gov/authorities/names/no2010034240|||lcnaf,,,Cassini (Spacecraft),,,,c11f4670-fd40-4226-a482-8a7c14f39e84
Centers for Disease Control and Prevention (U.S.),,http://viaf.org/viaf/139950776|||viaf|http://id.loc.gov/authorities/names/no93011529|||lcnaf,,,Centers for Disease Control and Prevention (U.S.),,,,28528346-299b-4da2-9ac9-8ae922472163
Century,,,,,Century,,,,d095da3e-6506-4682-932e-a46a2bc5f688
Challenger (Spacecraft),,http://viaf.org/viaf/170078796|||viaf|http://id.loc.gov/authorities/names/n83155337|||lcnaf,,,Challenger (Spacecraft),,,,76f003b0-1e9b-4fb7-901b-9ba40bddf0bftid
Charles & Polly,"Location information: Harrisonburg, VA|basic_html|Location information: Harrisonburg, VA",,,,Charles & Polly,,,,0bafd7f2-2b65-40d5-80de-74da0a59dd39
Charlotte Engraving Co.,"Location information: Charlotte, NC|basic_html|Location information: Charlotte, NC",,,,Charlotte Engraving Co.,,,,b6b45fa4-7a10-4152-89e0-8afbba67bd92
"Chase, Ltd.","Location information: Washington, DC|basic_html|Location information: Washington, DC",,,,"Chase, Ltd.",,,,0013a7ab-5504-4f6a-afa1-3ffd67394279
Chesapeake Bay Institute,,http://viaf.org/viaf/136033025|||viaf|http://id.loc.gov/authorities/names/n79125730|||lcnaf,,,Chesapeake Bay Institute,,,,4698c49c-843b-4c90-91b2-bbf189c51d6d
Chesapeake Bay Program (U.S.),,http://viaf.org/viaf/148463290|||viaf|http://id.loc.gov/authorities/names/no98080295|||lcnaf,,,Chesapeake Bay Program (U.S.),,,,0bac3916-7297-4131-a06f-16007312edde
Chesapeake Troubadors,,,,,Chesapeake Troubadors,,,,76e1b1b7-174c-44b5-8640-eee0fda0d835
Cheyne's Studio,"Location information: Hampton, VA|basic_html|Location information: Hampton, VA",,,,Cheyne's Studio,,,,a02b3af0-dfa5-4de2-a55a-6eccfcc27e8e
Chicago Photographers,"Location information: Chicago, IL|basic_html|Location information: Chicago, IL",,,,Chicago Photographers,,,,5401c49a-a84b-4155-882e-aa4e0ad0addc
Chicago Tribune (Firm),,http://viaf.org/viaf/143602955|||viaf,,,Chicago Tribune (Firm),,,,48037787-ade3-4719-946b-5ad5fe400636
Child Studio,"Location information: Davenport, IA|basic_html|Location information: Davenport, IA",,,,Child Studio,,,,c4b4b6b2-d24c-4af2-bad2-5e3bd6050ce7
Children of God (Organization),,http://viaf.org/viaf/143326162|||viaf|http://id.loc.gov/authorities/names/nb2007026829|||lcnaf,,,Children of God (Organization),,,,9985e84c-3486-4178-9564-53f9f418aa5a
Christhilf Studio,"Location information: 21 W. Lexington St., Baltimore, MD|basic_html|Location information: 21 W. Lexington St., Baltimore, MD",,,,Christhilf Studio,,,,653040e0-2315-4553-ad6f-3ddcfef49643
Christian Bible College of Baton Rouge,,,,,Christian Bible College of Baton Rouge,,,,fb0d833f-a4fc-43d9-a5a9-b63b03e3ba8c
"Clark University (Worcester, Mass.)",,http://viaf.org/viaf/159337591|||viaf|http://id.loc.gov/authorities/names/n80020290|||lcnaf,,,"Clark University (Worcester, Mass.)",,,,e5cd6c18-62e9-4a9f-a380-d8f874d8fbc9
Clinedinst Studio,"Location information: Washington, DC|basic_html|Location information: Washington, DC",,,,Clinedinst Studio,,,,75f7765e-de91-4ade-8a58-46790917d689
Columbia (Spacecraft),,http://viaf.org/viaf/155895964|||viaf|http://id.loc.gov/authorities/names/n81116268|||lcnaf,,,Columbia (Spacecraft),,,,89c14efb-d3da-4f0e-a075-0e1dc986733a
Columbia University,,http://viaf.org/viaf/156836332|||viaf|http://id.loc.gov/authorities/names/n81024714|||lcnaf,,,Columbia University,,,,237079eb-895d-434a-8402-e0b70ede229b
Converge Studios,Location information: New York|basic_html|Location information: New York,,,,Converge Studios,,,,add8d831-80d5-41ce-8638-4d820bd74284
Converse Studios,,,,,Converse Studios,,,,b29e120b-4a16-455a-ab60-9d2befa1e4ec
Conway Studio,"Location information: New York City, NY|basic_html|Location information: New York City, NY",,,,Conway Studio,,,,132e8c28-58ac-4eab-a030-96d86c1b0eaf
Cook and Welch,,http://viaf.org/viaf/254625739|||viaf,,,Cook and Welch,,,,43b048d7-aa84-494c-9023-220cf189940f
Coreystone-Stoller Corp.,,,,,Coreystone-Stoller Corp.,,,,4cf7beab-0b26-4cb8-b9a0-89415cfd4228
Corinne Studio,"Location information: Bloomington, IL|basic_html|Location information: Bloomington, IL",,,,Corinne Studio,,,,fd61db9a-4534-46b7-bcfd-21f1bb8ce827
Cosmo Photographers,,,,,Cosmo Photographers,,,,4abfd27c-f3c4-4e70-9881-46afa0443b8a
COSPAR,,http://viaf.org/viaf/150890832|||viaf|http://id.loc.gov/authorities/names/n79043333|||lcnaf,,,COSPAR,,,,82ebb0a9-0207-4428-8c16-66a4b921df8b
Covington & Burling,,http://viaf.org/viaf/124423873|||viaf|http://id.loc.gov/authorities/names/n86841506|||lcnaf,,,Covington & Burling,,,,0146ba96-1510-4260-90c8-097fc5ad52b3
Cronhardt & Sons,"Location information: Baltimore, MD|basic_html|Location information: Baltimore, MD",,,,Cronhardt & Sons,,,,a9719a47-adec-414d-b9bc-cc951106d1cf
Curtiss-Wright Flying Service. Photo Division,,,,,Curtiss-Wright Flying Service,,Photo Division,,e98e4aeb-a7e4-4a5a-99ea-97abca1374c2
Curzon Studios,"Location information: Richmond, Surrey, England|basic_html|Location information: Richmond, Surrey, England",,,,Curzon Studios,,,,b48e4f7d-9b5d-41f8-a653-bc0c5f916d5c
d'Arsee Studio,"Location information: Lancaster, PA|basic_html|Location information: Lancaster, PA",,,,d'Arsee Studio,,,,b75da41b-d9bd-401c-b0e4-a5f459729109
David Dunlap Observatory,,http://viaf.org/viaf/139500063|||viaf|http://id.loc.gov/authorities/names/n90617792|||lcnaf,,,David Dunlap Observatory,,,,87b36e81-b145-4f4e-b669-9e151690c08c
DeLamater & Son,"Location information: Hartford, CT|basic_html|Location information: Hartford, CT",,,,DeLamater & Son,,,,6f745c87-d992-4389-9904-a28fabb5d9ec
Discovery (Spacecraft),,http://viaf.org/viaf/175764788|||viaf|http://id.loc.gov/authorities/names/no89003749|||lcnaf,,,Discovery (Spacecraft),,,,c69fd7a5-5cef-4c8c-8c89-2a1a6611ab04
Documentary Company,,http://viaf.org/viaf/158370437|||viaf|http://id.loc.gov/authorities/names/n87843041|||lcnaf,,,Documentary Company,,,,4d8fe222-cfcb-4c3b-8405-c12d57cb0c5a
Du Mont Television Network,,http://viaf.org/viaf/123248601|||viaf|http://id.loc.gov/authorities/names/n87843049|||lcnaf,,,Du Mont Television Network,,,,78885295-d360-4aef-9737-3f8cc40ba124
E. Sachser & Co.,,,,,E. Sachser & Co.,,,,ac7ac693-2032-4bc5-809e-ebf89f1e7805
"E.G. Williams & Bro. (New York, N.Y.)",,http://id.loc.gov/authorities/names/no2009086768|||lcnaf|http://viaf.org/viaf/145813325|||viaf,,,"E.G. Williams & Bro. (New York, N.Y.)",,,,4f37289e-d38f-468d-b237-fa966bd7a7d9
Edwyn Portrait,,,,,Edwyn Portrait,,,,80f2e5a4-e945-4249-89ea-de5e7ca6be2c
Elliott & Fry,"Location information: London, England|basic_html|Location information: London, England",http://viaf.org/viaf/121043409|||viaf|http://id.loc.gov/authorities/names/n2005054833|||lcnaf,,,Elliott & Fry,,,,0edd9ba3-7cc1-4235-9871-1959b32ac385
"Enell, Inc.","Location information: Jamaica, NY|basic_html|Location information: Jamaica, NY",,,,"Enell, Inc.",,,,f04d96b7-6a3f-4de1-afb4-4121ebe5de62
Eniwetok Marine Biological Laboratory,,http://viaf.org/viaf/152468730|||viaf|http://id.loc.gov/authorities/names/n82114255|||lcnaf,,,Eniwetok Marine Biological Laboratory,,,,356f9d17-8ec6-40ac-b801-1756eb0bd4a8
Enoch Pratt Free Library,,http://viaf.org/viaf/143982550|||viaf|http://id.loc.gov/authorities/names/n50040216|||lcnaf,,,Enoch Pratt Free Library,,,,56abdca4-77d2-4830-a8af-e85d1b3ae8fd
Esquire Studios,Location information: New York|basic_html|Location information: New York,,,,Esquire Studios,,,,e512a756-42e8-4f95-b595-54014e5da122
Evergreen House (Johns Hopkins University),,http://viaf.org/viaf/155243048|||viaf|http://id.loc.gov/authorities/names/nr2004020383|||lcnaf,,,Evergreen House (Johns Hopkins University),,,,14e7932b-d047-4bd5-a896-483517f3f17a
"Exposition Press, Inc.",,,,,"Exposition Press, Inc.",,,,f8728b06-bc49-4021-b783-dc87d93294a3
"F. Gutekunst, Photographers (Philadelphia, Pa.)",,http://viaf.org/viaf/156116143|||viaf|http://id.loc.gov/authorities/names/n98020916|||lcnaf,,,"F. Gutekunst, Photographers (Philadelphia, Pa.)",,,,7acdc8a5-e1c4-4695-ac9b-fc82ce07c033
F. Michelm & George Leafe,,,,,F. Michelm & George Leafe,,,,59c753dd-5566-4f64-a844-5ff5d1dae5f9
Fans-Dementi Studio,,,,,Fans-Dementi Studio,,,,6731c095-0ac6-486d-8c26-063d26e2e73b
Fighting American Nationalists,,http://viaf.org/viaf/148194063|||viaf|http://id.loc.gov/authorities/names/nr93020129|||lcnaf,,,Fighting American Nationalists,,,,15f11144-6421-48c1-a55b-470b658c4c7a
Finlay and Conn,,,,,Finlay and Conn,,,,e13fce80-c8c1-4bb6-af21-240848be56a6
Fletcher School of Law and Diplomacy,,http://viaf.org/viaf/128137354|||viaf|http://id.loc.gov/authorities/names/n82076360|||lcnaf,,,Fletcher School of Law and Diplomacy,,,,80de8f7c-2466-472d-aa6c-9cf367d0cd57
Folkemer Photo Service,,,,,Folkemer Photo Service,,,,acaea146-b445-457e-93d5-604bfbc179b3
Ford Foundation,,http://viaf.org/viaf/131336252|||viaf|http://id.loc.gov/authorities/names/n79066088|||lcnaf,,,Ford Foundation,,,,ce2f7017-5e57-4e8e-8d8e-79535185eb87
"Fotographics of Elyria, Inc.",Location information: Ohio|basic_html|Location information: Ohio,,,,"Fotographics of Elyria, Inc.",,,,8e276ac9-64b5-4c1c-a299-e34f1709e437
Frank Associates,,,,,Frank Associates,,,,2847a49c-b0cc-41b0-964f-2c9a59d04d65
"Frederick Douglass High School (Baltimore, Md.)",,http://viaf.org/viaf/139950920|||viaf|http://id.loc.gov/authorities/names/no2009104320|||lcnaf,,,"Frederick Douglass High School (Baltimore, Md.)",,,,86043dcd-e824-4f87-8337-f8a527f7dade
Frick Art Reference Library,,http://viaf.org/viaf/123077421|||viaf|http://id.loc.gov/authorities/names/n83192952|||lcnaf,,,Frick Art Reference Library,,,,649c642d-40b3-4863-909c-3f0256de8e58
Fund for Adult Education (U.S.),,http://viaf.org/viaf/149920363|||viaf|http://id.loc.gov/authorities/names/n83029562|||lcnaf,,,Fund for Adult Education (U.S.),,,,4a34dfb6-ee41-4e83-8890-652f969443ab
"Fund for Educational Excellence (Baltimore, Md.)",,http://viaf.org/viaf/137342534|||viaf|http://id.loc.gov/authorities/names/n91080292|||lcnaf,,,"Fund for Educational Excellence (Baltimore, Md.)",,,,9dd8d577-c2a6-47c3-9483-6bda1521d1e1
FUSE (Artificial satellite),,http://viaf.org/viaf/158644195|||viaf|http://id.loc.gov/authorities/names/no2006100156|||lcnaf,,,FUSE (Artificial satellite),,,,947c5943-457e-4a53-8346-e3d16b850790
George Jervas Photo Studio,"Location information: New York City, NY|basic_html|Location information: New York City, NY",,,,George Jervas Photo Studio,,,,4d4f827f-3ec5-4464-9842-def6a00dd933
George Peabody Library,,http://viaf.org/viaf/143435344|||viaf|http://id.loc.gov/authorities/names/no2006070945|||lcnaf,,,George Peabody Library,,,,0e29bb12-95b9-461c-b457-5af6de3d3980
"George Roberts, Inc.",,,,,"George Roberts, Inc.",,,,fcec07d3-21fd-42ae-9e95-7c5788acdd4c
Gilbert & Bacon,"Location information: Philadelphia, PA|basic_html|Location information: Philadelphia, PA",http://viaf.org/viaf/130582664|||viaf|http://id.loc.gov/authorities/names/nr95007356|||lcnaf,,,Gilbert & Bacon,,,,a7e10923-3c98-48e9-aba8-4129ec3a1c92
Gilbert Studios,"Location information: Philadelphia, PA|basic_html|Location information: Philadelphia, PA",,,,Gilbert Studios,,,,577a5063-db32-4672-bb95-99cbac55bf61
Girl Scouts of the United States of America,,http://viaf.org/viaf/133226330|||viaf|http://id.loc.gov/authorities/names/n79123998|||lcnaf,,,Girl Scouts of the United States of America,,,,3ec31d40-fff4-4e11-b3e5-6721a4769021
Goddard Institute for Space Studies,,http://viaf.org/viaf/124306687|||viaf|http://id.loc.gov/authorities/names/n50067309|||lcnaf,,,Goddard Institute for Space Studies,,,,3d9020a5-265d-4472-b3a0-9381c752c26f
Goddard Space Flight Center,,http://viaf.org/viaf/138085257|||viaf|http://id.loc.gov/authorities/names/n80044740|||lcnaf,,,Goddard Space Flight Center,,,,08723a2d-9483-4185-a741-061117ba79e5
Goucher College,,http://viaf.org/viaf/158904642|||viaf|http://id.loc.gov/authorities/names/n50071767|||lcnaf,,,Goucher College,,,,e6395fca-ad50-4b5c-b6f8-124e2394c95b
Great Britain. Hydrographic Department,,http://viaf.org/viaf/151192039|||viaf|http://id.loc.gov/authorities/names/n79043906|||lcnaf,,,Great Britain,,Hydrographic Department,,72e2090a-036d-49b8-a693-895622b2a2e6
"Greater Baltimore Committee, Inc.",,http://viaf.org/viaf/263835449|||viaf|http://id.loc.gov/authorities/names/n87860665|||lcnaf,,,"Greater Baltimore Committee, Inc.",,,,8916cc66-29b5-43f3-9b6d-d1f609b380b2
Greater Homewood Community Corporation,,http://viaf.org/viaf/151608031|||viaf|http://id.loc.gov/authorities/names/no2002095195|||lcnaf,,,Greater Homewood Community Corporation,,,,f9fc0c0e-d5a3-4b35-ae33-1ec9efa6f325
Greenbrier Photography,,,,,Greenbrier Photography,,,,b7ecd7fa-70fc-4608-aaeb-a0a62eedb7e4
Greystone,Location information: New York|basic_html|Location information: New York,,,,Greystone,,,,67355eaf-c505-4d24-84b6-da7e34e0b4c7
Greystone Studios Inc.,"Location information: New York City, NY|basic_html|Location information: New York City, NY",,,,Greystone Studios Inc.,,,,e085365d-d2b8-4424-86d6-7287276a72bf
Greystone-Stoller,Location information: New York|basic_html|Location information: New York,,,,Greystone-Stoller,,,,e6b4c643-3869-4354-bed2-7524062394eb
Greystone. Central News,Location information: New York|basic_html|Location information: New York,,,,Greystone,,Central News,,629fc8c6-7487-488e-9288-cac0ee37fc43
H. H. Sidman Co.,,http://id.loc.gov/authorities/names/no2019172956|||lcnaf|http://viaf.org/viaf/34157468020622322976|||viaf,,,H. H. Sidman Co.,,,,7816db97-764c-4755-89d3-bad828505d6c
Hardie Brothers,Location information: Puerto Rico|basic_html|Location information: Puerto Rico,,,,Hardie Brothers,,,,5d12e55b-03f7-49fe-b355-5c58bc89c5b2
"Harriet Lane Home (Baltimore, Md.)",,http://viaf.org/viaf/143139005|||viaf|http://id.loc.gov/authorities/names/n85244853|||lcnaf,,,"Harriet Lane Home (Baltimore, Md.)",,,,0f6477e8-e778-493a-b4c7-3c8a085a6309
Harris & Ewing,"Location information: Washington, DC|basic_html|Location information: Washington, DC",http://viaf.org/viaf/147865168|||viaf|http://id.loc.gov/authorities/names/n88646991|||lcnaf,,,Harris & Ewing,,,,1ce72897-fa6c-4483-a731-58bae89d16fb
"Harry and Jeanette Weinberg Foundation, Inc.",,http://viaf.org/viaf/317131959|||viaf,,,"Harry and Jeanette Weinberg Foundation, Inc.",,,,6cca9b46-1068-4f9a-a527-ee03f6e669f2
Harvard University,,http://viaf.org/viaf/128987800|||viaf|http://id.loc.gov/authorities/names/n78096930|||lcnaf,,,Harvard University,,,,346f3777-d299-4494-9615-150f88475c92
Haverford College,,http://viaf.org/viaf/125160105|||viaf|http://id.loc.gov/authorities/names/n50078129|||lcnaf,,,Haverford College,,,,0c1b45d8-4157-42c8-8979-951188a293a5
Hayden Planetarium. Junior Astronomy Club,,http://viaf.org/viaf/143161333|||viaf|http://id.loc.gov/authorities/names/n87813981|||lcnaf,,,Hayden Planetarium,,Junior Astronomy Club,,36b2d211-bacb-4506-84f5-31807d3cc09f
Hicks photofinishers,,,,,Hicks photofinishers,,,,e8ce1519-6399-494b-a9ae-534cd1fae555
Hill & Yard,"Location information: San Jose, CA|basic_html|Location information: San Jose, CA",,,,Hill & Yard,,,,e71e7e4d-e0af-4f96-9066-8b1c3d87ba05
Hodges Art Gallery,"Location information: Bristol, TN|basic_html|Location information: Bristol, TN",,,,Hodges Art Gallery,,,,60a1b143-656a-49c0-ba88-2b6116bad3ce
Holmes I. Mettee Studio,"Location information: Baltimore, MD|basic_html|Location information: Baltimore, MD",,,,Holmes I. Mettee Studio,,,,ca1daf74-b944-4ca1-9a52-ee9afcbb2c53
Homeier & Clark,"Location information: Richmond, VA|basic_html|Location information: Richmond, VA",,,,Homeier & Clark,,,,62e9f42b-4897-41eb-9968-8fbd671a766b
Homewood House Museum (Johns Hopkins University),,http://viaf.org/viaf/136243272|||viaf|http://id.loc.gov/authorities/names/n2004000827|||lcnaf,,,Homewood House Museum (Johns Hopkins University),,,,b54144e2-8411-4414-b0e3-554d0af37a51
Honeywell Inc.,,http://viaf.org/viaf/151836187|||viaf|http://id.loc.gov/authorities/names/n80013453|||lcnaf,,,Honeywell Inc.,,,,9776cd6d-0bb1-40af-84bc-1d8c8bac65b1
Hopkins-Nanjing Center,,http://viaf.org/viaf/233414826|||viaf|http://id.loc.gov/authorities/names/n2012016287|||lcnaf,,,Hopkins-Nanjing Center,,,,9480b27b-a5b1-4dbb-a0f6-20e4c1952462
"Horace Mann School (New York, N.Y.)",,http://viaf.org/viaf/125419390|||viaf|http://id.loc.gov/authorities/names/no2001097239|||lcnaf,,,"Horace Mann School (New York, N.Y.)",,,,9f53fb7d-e7be-44cb-a089-f1987b939e6b
Horton Brothers,"Location information: Providence, RI|basic_html|Location information: Providence, RI",,,,Horton Brothers,,,,2d32f679-739c-4235-8841-e479139f16ad
Howard County Public School System (Md.),,http://viaf.org/viaf/143161615|||viaf|http://id.loc.gov/authorities/names/n87819547|||lcnaf,,,Howard County Public School System (Md.),,,,dad17e2d-766d-4068-a42b-c256059353c1
Hubble Space Telescope (Spacecraft),,http://viaf.org/viaf/121711981|||viaf|http://id.loc.gov/authorities/names/n91011423|||lcnaf,,,Hubble Space Telescope (Spacecraft),,,,3c01e5b1-da02-4f11-b2e9-09eec6ea9188
Hughes Co.,"Location information: Baltimore, MD|basic_html|Location information: Baltimore, MD",,,,Hughes Co.,,,,397d77c7-0baa-40c3-abff-e6cf8f1a667d
Human Genome Project,,http://viaf.org/viaf/124272354|||viaf|http://id.loc.gov/authorities/names/n88044943|||lcnaf,,,Human Genome Project,,,,1aac3e85-3573-4a35-acc7-5c6ce9e23df8
Hutzler's (Firm),,http://viaf.org/viaf/158491358|||viaf|http://id.loc.gov/authorities/names/n2006163853|||lcnaf,,,Hutzler's (Firm),,,,f62a505e-6d04-4429-a94f-6720db063351tid
I. H. L. Gallery,"Location information: Philadelphia, PA|basic_html|Location information: Philadelphia, PA",,,,I. H. L. Gallery,,,,fbe0942d-7b99-4adb-82c7-6e41dfb78c4d
Institute of Medicine (U.S.),,http://viaf.org/viaf/156984772|||viaf|http://id.loc.gov/authorities/names/n79129181|||lcnaf,,,Institute of Medicine (U.S.),,,,e0948213-482e-4d95-8ef8-eada2cfaccb4
Interstate Photographers,,,,,Interstate Photographers,,,,e0d96c7c-66b1-4651-b3c4-1ae267a283b2
J. C. & S.G. Crabb Phelps Studio,,,,,J. C. & S.G. Crabb Phelps Studio,,,,06daa9bd-586b-436d-a6ce-a615348fb37e
J. Dalinon Studio,SS Ile-de-France|basic_html|SS Ile-de-France,,,,J. Dalinon Studio,,,,457080f6-62cd-4b26-b0a0-21de297b119c
J. H. Schaefer & Son,"Location information: Baltimore, MD|basic_html|Location information: Baltimore, MD",,,,J. H. Schaefer & Son,,,,635421bf-1f9e-460f-8414-fa102b3422ba
J. Shaefer & Sons,,,,,J. Shaefer & Sons,,,,f1a82d1a-7f94-4136-ae8a-7417a591d792
J. Sussman Photo Stock Co.,,,,,J. Sussman Photo Stock Co.,,,,03503b0f-1d33-4a3f-87d6-9a382a405a2a
James F. Hughes Co.,,,,,James F. Hughes Co.,,,,4a8c196e-3f7e-46f5-874c-e4f427b9a061
James Webb Space Telescope (Spacecraft),,http://viaf.org/viaf/129468073|||viaf|http://id.loc.gov/authorities/names/nr97043411|||lcnaf,,,James Webb Space Telescope (Spacecraft),,,,211124d5-6b05-4f14-87c4-c9280250d059
Jeffres & Rogers,,,,,Jeffres & Rogers,,,,bcac9431-32c9-459b-874c-8b885d4004b0
John F. Kennedy Space Center,,http://viaf.org/viaf/144777016|||viaf|http://id.loc.gov/authorities/names/n50082518|||lcnaf,,,John F. Kennedy Space Center,,,,fb097c08-ad1b-4131-9fe1-a61597c57148
John Work Garrett Library,,http://viaf.org/viaf/148961094|||viaf|http://id.loc.gov/authorities/names/n83127870|||lcnaf,,,John Work Garrett Library,,,,8ece9bc1-8dcf-46dd-a4cb-b077978936dd
Johns Hopkins Archaeological Museum,,,,,Johns Hopkins Archaeological Museum,,,,b94c5311-6d91-4515-8add-6f080ca84cb3
Johns Hopkins Bloomberg School of Public Health,,http://viaf.org/viaf/142356070|||viaf|http://id.loc.gov/authorities/names/nr2001039005|||lcnaf,,,Johns Hopkins Bloomberg School of Public Health,,,,3ec0b8ec-6044-4c46-9a76-c49182c85d08
Johns Hopkins Fund,,,,,Johns Hopkins Fund,,,,7cdbe927-a194-4452-9264-959c55ce6f4a
Johns Hopkins History of Ideas Club,,,,,Johns Hopkins History of Ideas Club,,,,22e4f1ba-72f0-4205-8b21-3e8758606527
Johns Hopkins Hospital,,http://viaf.org/viaf/156554994|||viaf|http://id.loc.gov/authorities/names/n81070678|||lcnaf,,,Johns Hopkins Hospital,,,,953741c0-db0d-4fc9-9fb0-20de76f89ed5
Johns Hopkins Hospital. Osler Medical Service,,http://viaf.org/viaf/143280012|||viaf|http://id.loc.gov/authorities/names/n2005184660|||lcnaf,,,Johns Hopkins Hospital,,Osler Medical Service,,03471b41-ebdc-4824-b4c7-fff6e8f30c79
Johns Hopkins Hospital. School of Nursing,,http://viaf.org/viaf/136130086|||viaf|http://id.loc.gov/authorities/names/n86804468|||lcnaf,,,Johns Hopkins Hospital,,School of Nursing,,f1e170fc-8d17-42fa-af06-c1bdc604fac5
Johns Hopkins Institute for Policy Studies,,http://viaf.org/viaf/127977764|||viaf|http://id.loc.gov/authorities/names/n91053214|||lcnaf,,,Johns Hopkins Institute for Policy Studies,,,,f6b90106-af3f-468f-84f1-adf4b646711f
Johns Hopkins Medical Institutions,,http://viaf.org/viaf/143155100|||viaf|http://id.loc.gov/authorities/names/n86141311|||lcnaf,,,Johns Hopkins Medical Institutions,,,,136d3048-c3e7-477d-b708-f9e883ab3bdf
Johns Hopkins Medicine,,http://viaf.org/viaf/124687331|||viaf|http://id.loc.gov/authorities/names/no2004047258|||lcnaf,,,Johns Hopkins Medicine,,,,c6599b89-93f7-45b6-bf4b-dbcd2818e4b9
Johns Hopkins Philological Association,,http://viaf.org/viaf/148463521|||viaf,,,Johns Hopkins Philological Association,,,,8fac58d0-7e50-4070-8bbe-eeadb044123a
Johns Hopkins University,,http://viaf.org/viaf/141846012|||viaf|http://id.loc.gov/authorities/names/n79061226|||lcnaf,,,Johns Hopkins University,,,,63e5c2b5-90c3-4b7d-acb9-ef6713245805
Johns Hopkins University. Applied Physics Laboratory,,http://viaf.org/viaf/151126521|||viaf|http://id.loc.gov/authorities/names/n79125895|||lcnaf,,,Johns Hopkins University,,Applied Physics Laboratory,,097bb7c5-6df6-4607-98eb-53507dd5c2a6
Johns Hopkins University. Atlantic Program,,,,,Johns Hopkins University,,Atlantic Program,,e6910bcd-6d1c-41e9-ba2d-85ef47ccd876
Johns Hopkins University. Barnstormers,,,,,Johns Hopkins University,,Barnstormers,,bf419cfd-643e-4b3a-acd8-652690892fa2
Johns Hopkins University. Bologna Center,,http://viaf.org/viaf/132578531|||viaf|http://id.loc.gov/authorities/names/n84199716|||lcnaf,,,Johns Hopkins University,,Bologna Center,,2185cb86-d489-4054-8e40-c5e4666d5e4a
Johns Hopkins University. Center for Social Organization of Schools,,http://viaf.org/viaf/125519476|||viaf|http://id.loc.gov/authorities/names/n82226979|||lcnaf,,,Johns Hopkins University,,Center for Social Organization of Schools,,5ed6f887-f339-49f8-8a65-4611f0185223
Johns Hopkins University. Center for Talented Youth,,http://viaf.org/viaf/123451653|||viaf|http://id.loc.gov/authorities/names/no95015266|||lcnaf,,,Johns Hopkins University,,Center for Talented Youth,,b457cc79-299f-4624-b569-b45fa97882b4
Johns Hopkins University. Department of Anthropology,,http://viaf.org/viaf/1098145857098122922170|||viaf,,,Johns Hopkins University,,Department of Anthropology,,36add96f-f4aa-4b20-8041-76f3a36076a2
Johns Hopkins University. Department of Earth and Planetary Sciences,,http://viaf.org/viaf/132575413|||viaf|http://id.loc.gov/authorities/names/n84134818|||lcnaf,,,Johns Hopkins University,,Department of Earth and Planetary Sciences,,b6505e4f-0506-4d14-9192-8e6a2332e869
Johns Hopkins University. Department of History,,http://id.loc.gov/authorities/names/n86007797|||lcnaf|http://viaf.org/viaf/136122686|||viaf,,,Johns Hopkins University,,Department of History,,1f2d9f8e-c366-4073-8d42-0ff7ef6c02c3
"Johns Hopkins University. Department of Writing, Speech, and Drama",,,,,Johns Hopkins University,,"Department of Writing, Speech, and Drama",,3e5b0a31-7a76-4c26-8cbe-97d323a2513f
Johns Hopkins University. Evening College,,http://viaf.org/viaf/127890897|||viaf|http://id.loc.gov/authorities/names/n84081729|||lcnaf,,,Johns Hopkins University,,Evening College,,486ac0b2-a29c-42f4-9d8b-5ca596077389
Johns Hopkins University. Evening College and Summer Session,,,,,Johns Hopkins University,,Evening College and Summer Session,,7b0d9230-a6a3-4064-b7e1-dbe34ce6defb
Johns Hopkins University. Evergreen Society,,,,,Johns Hopkins University,,Evergreen Society,,c71a2139-9b21-4207-a5a4-18841f55ed3a
Johns Hopkins University. Glee Club,,,,,Johns Hopkins University,,Glee Club,,c42288d0-71ed-485a-85ac-22a072f2ea76
Johns Hopkins University. Health Associate Program,,http://viaf.org/viaf/148934060|||viaf|http://id.loc.gov/authorities/names/n81083239|||lcnaf,,,Johns Hopkins University,,Health Associate Program,,5bad4bbd-c3d3-490d-8f54-c1df45b37c82
Johns Hopkins University. Humanities Center,,http://viaf.org/viaf/125615891|||viaf|http://id.loc.gov/authorities/names/n90606510|||lcnaf,,,Johns Hopkins University,,Humanities Center,,b618c8ac-0fe1-4a40-aa57-74dd5d3f3362
Johns Hopkins University. Institute of the History of Medicine,,http://viaf.org/viaf/158900433|||viaf|http://id.loc.gov/authorities/names/n79102771|||lcnaf,,,Johns Hopkins University,,Institute of the History of Medicine,,bb9f169e-8a0f-47a2-be28-da13c9110926
Johns Hopkins University. McCoy College,,,,,Johns Hopkins University,,McCoy College,,572c04b0-fcce-4c75-9e14-b2adcedd3ee3
Johns Hopkins University. Odyssey,,,,,Johns Hopkins University,,Odyssey,,6157e12a-a3b6-4ace-9b56-5882c64b73d5
Johns Hopkins University. Peabody Institute,,http://viaf.org/viaf/139619418|||viaf|http://id.loc.gov/authorities/names/n85129669|||lcnaf,,,Johns Hopkins University,,Peabody Institute,,34f7bb79-c588-4f55-a370-d6db66a4d9ce
Johns Hopkins University. Press,,http://viaf.org/viaf/157408888|||viaf|http://id.loc.gov/authorities/names/no96037631|||lcnaf,,,Johns Hopkins University,,Press,,2dba65ac-d660-4e2d-bea2-5d909be8d08a
Johns Hopkins University. School of Advanced International Studies,,http://viaf.org/viaf/141934613|||viaf|http://id.loc.gov/authorities/names/n83178168|||lcnaf,,,Johns Hopkins University,,School of Advanced International Studies,,347ea0f5-6665-43d4-abad-77eb3c9e15f2
Johns Hopkins University. School of Continuing Studies,,http://viaf.org/viaf/134948218|||viaf|http://id.loc.gov/authorities/names/n86007796|||lcnaf,,,Johns Hopkins University,,School of Continuing Studies,,a9f1b6af-e220-4b26-a453-cb3bec9363ae
Johns Hopkins University. School of Education,,http://viaf.org/viaf/308241783|||viaf|http://id.loc.gov/authorities/names/no2014053157|||lcnaf,,,Johns Hopkins University,,School of Education,,f0000229-4883-415b-affb-94498a761c13
Johns Hopkins University. School of Engineering,,http://viaf.org/viaf/140260150|||viaf|http://id.loc.gov/authorities/names/n83168720|||lcnaf,,,Johns Hopkins University,,School of Engineering,,3dea18a4-874e-4192-8333-3fd51243aedc
Johns Hopkins University. School of Hygiene and Public Health,,http://viaf.org/viaf/151152313|||viaf|http://id.loc.gov/authorities/names/n80013549|||lcnaf,,,Johns Hopkins University,,School of Hygiene and Public Health,,c6d5e342-0f0f-4045-aad9-87d793822102
Johns Hopkins University. School of Medicine,,http://viaf.org/viaf/124344829|||viaf|http://id.loc.gov/authorities/names/n81070677|||lcnaf,,,Johns Hopkins University,,School of Medicine,,107997ff-1c14-4dc4-aae9-022a273c9b4d
Johns Hopkins University. School of Nursing,,http://viaf.org/viaf/129217975|||viaf|http://id.loc.gov/authorities/names/n2005183866|||lcnaf,,,Johns Hopkins University,,School of Nursing,,b0945658-b3cc-4e7c-862f-d51da992b3da
Johns Hopkins University. School of Professional Studies in Business and Education,,,,,Johns Hopkins University,,School of Professional Studies in Business and Education,,cffa3aea-8e5a-4bc8-9264-e4fcfd3ad6f0
Johns Hopkins University. Spring Fair,,,,,Johns Hopkins University,,Spring Fair,,4b102301-beb4-404a-9c42-40e352aa6632
Johns Hopkins University. Study of Exceptional Talent,,http://viaf.org/viaf/142199214|||viaf|http://id.loc.gov/authorities/names/no97006160|||lcnaf,,,Johns Hopkins University,,Study of Exceptional Talent,,571034c6-4264-4a20-9e9d-db75c681a28f
Johns Hopkins University. Writing Seminars,,,,,Johns Hopkins University,,Writing Seminars,,8bb448a3-fa62-42ef-9f3b-c3d2a75e4393
Johnston Brothers,,,,,Johnston Brothers,,,,397862ef-a334-404a-9d98-771d1b8de11d
Kenneth M. Brooks Studio,"Location information: Baltimore, MD|basic_html|Location information: Baltimore, MD",,,,Kenneth M. Brooks Studio,,,,3f137bd0-16a2-4277-8a16-3dfce5816559
"Kenneth R. Sanderson, Inc.","Location information: Garden City, NY|basic_html|Location information: Garden City, NY",,,,"Kenneth R. Sanderson, Inc.",,,,f5a7507d-7daa-42f2-8dff-3ed6ee5311c2
Kitt Peak National Observatory,,http://viaf.org/viaf/126673157|||viaf|http://id.loc.gov/authorities/names/n80152888|||lcnaf,,,Kitt Peak National Observatory,,,,8670efd9-1ddb-41b7-b5fd-9d625f200cf7
Knowlton Bros.,,http://viaf.org/viaf/145825756|||viaf|http://id.loc.gov/authorities/names/no2010103964|||lcnaf,,,Knowlton Bros.,,,,3bf5208b-68f2-46d1-b0c3-511e03d88f38
Ku Klux Klan (1915- ),,http://viaf.org/viaf/136817688|||viaf|http://id.loc.gov/authorities/names/n80076145|||lcnaf,,,Ku Klux Klan (1915- ),,,,4331b175-f2bc-48d5-8bce-7b4ebf2b5dce
Kuhn & Cummins,,,,,Kuhn & Cummins,,,,836e46f0-a23d-4293-9a98-8faf1589e27b
Lacrosse Hall of Fame and Museum,,http://viaf.org/viaf/154928412|||viaf|http://id.loc.gov/authorities/names/n95012252|||lcnaf,,,Lacrosse Hall of Fame and Museum,,,,7a8c3cee-440f-4eda-af41-067fe7546c86
Lancaster News Era,"Location information: Lancaster, PA|basic_html|Location information: Lancaster, PA",,,,Lancaster News Era,,,,d05b6339-bb5f-42fd-94ec-70a7750750a3
Lee Brothers,"Location information: Minneapolis, MN|basic_html|Location information: Minneapolis, MN",,,,Lee Brothers,,,,ec87883f-d34f-4ae6-8a0a-c4d80a7608cd
Lightner Photography,,,,,Lightner Photography,,,,eceefee3-b0c8-4953-9dd5-9257b14ebd68
London School of Economics and Political Science,,http://viaf.org/viaf/124127252|||viaf|http://id.loc.gov/authorities/names/n80038497|||lcnaf,,,London School of Economics and Political Science,,,,80d2b59b-4efa-4cf1-b88f-f91158c436e2
Long-Term Ecological Research Program,,http://viaf.org/viaf/128193170|||viaf|http://id.loc.gov/authorities/names/n92020149|||lcnaf,,,Long-Term Ecological Research Program,,,,76a2d04c-edb3-44c9-b0e4-bbb8bf4a9012
Los Angeles Urban League,,http://viaf.org/viaf/132566203|||viaf|http://id.loc.gov/authorities/names/n83218421|||lcnaf,,,Los Angeles Urban League,,,,f26871e1-7975-4e16-abeb-af27bd27d0ab
"Louisiana State University (Baton Rouge, La.)",,http://id.loc.gov/authorities/names/n80020543|||lcnaf|http://viaf.org/viaf/312543043|||viaf,,,"Louisiana State University (Baton Rouge, La.)",,,,758c7be3-d366-4d61-b945-2ec66b6b3be8
Lowry Photo,,,,,Lowry Photo,,,,565cc9c3-5704-4ae8-b09c-d499bf81929b
Lubitsh & Bungarz,"Location information: Wilmington, DE|basic_html|Location information: Wilmington, DE",,,,Lubitsh & Bungarz,,,,a8b61f2c-8af1-419c-b628-974990ca5bef
Luedeke Studio,"Location information: Buffalo, NY|basic_html|Location information: Buffalo, NY",,,,Luedeke Studio,,,,c9fdcb29-da3f-4cce-ac4d-39194f278594
"Lyric Theater (Baltimore, Md.)",,http://viaf.org/viaf/131508964|||viaf|http://id.loc.gov/authorities/names/n95050616|||lcnaf,,,"Lyric Theatre (Baltimore, Md.)",,,,77004933-80cc-4f8a-b8b1-a631ba13e186
Maine (Battleship),,http://viaf.org/viaf/170006574|||viaf|http://id.loc.gov/authorities/names/n87931204|||lcnaf,,,Maine (Battleship),,,,de39a170-070c-47c7-ab3c-9648ec391d51
"Maps, Incorporated",,,,,"Maps, Incorporated",,,,8d27871b-5a13-4ec8-ad64-4f4cf880b531
Marshall Plan,,http://viaf.org/viaf/152514704|||viaf|http://id.loc.gov/authorities/names/n85229815|||lcnaf,,,Marshall Plan,,,,46f9334c-238a-4b53-9092-83b9090385a0
Maryland Higher Education Commission,,http://viaf.org/viaf/145528395|||viaf|http://id.loc.gov/authorities/names/n88207172|||lcnaf,,,Maryland Higher Education Commission,,,,9c224943-ea4e-49a3-98b3-7b207878bb05
Maryland Independent College and University Association,,,,,Maryland Independent College and University Association,,,,507bae26-852d-4b70-ad4d-c4853cc40d55
"Maryland National Guard. 104th Photo Section, 29th",,,,,Maryland National Guard,,"104th Photo Section, 29th",,02d63032-868b-46b1-b2a1-7b763e0dc30e
Maryland Photo Stock Co.,,,,,Maryland Photo Stock Co.,,,,f6037ad2-bad6-4af2-b118-b15e406f1676
Maryland Science Center,,http://viaf.org/viaf/151541529|||viaf|http://id.loc.gov/authorities/names/no00037338|||lcnaf,,,Maryland Science Center,,,,ed5fbd20-f553-492a-ba4f-4a568ce3ec75
Maryland. General Assembly,,http://viaf.org/viaf/126665183|||viaf|http://id.loc.gov/authorities/names/n80046011|||lcnaf,,,Maryland,,General Assembly,,1b44a262-6041-4d1a-a24c-511d68daee8c
Maryland. Health Services Cost Review Commission,,http://viaf.org/viaf/157146549|||viaf|http://id.loc.gov/authorities/names/n83184747|||lcnaf,,,Maryland,,Health Services Cost Review Commission,,5243cb44-42f2-44b8-8067-06b5c68d61bd
Maryland. Office of Administrative Hearings,,http://viaf.org/viaf/146727810|||viaf|http://id.loc.gov/authorities/names/n93002932|||lcnaf,,,Maryland,,Office of Administrative Hearings,,6edd887a-1145-4c5a-917e-c8c0e963ec5c
Massachusetts Institute of Technology,,http://viaf.org/viaf/150025207|||viaf|http://id.loc.gov/authorities/names/n79006591|||lcnaf,,,Massachusetts Institute of Technology,,,,4124ac94-160f-4f50-965e-28119992b2aa
Matar Studio,"Location information: New York City, NY|basic_html|Location information: New York City, NY",,,,Matar Studio,,,,a97b6f38-bb85-4015-bdf7-8f5600629bd5
Mathew Francis Studio,,,,,Mathew Francis Studio,,,,5e7eef7f-ffce-4baa-822a-5f7b138ddfbb
Mayo Clinic,,http://viaf.org/viaf/127763366|||viaf|http://id.loc.gov/authorities/names/n79026897|||lcnaf,,,Mayo Clinic,,,,e5c0ca78-d0c7-48ad-8760-d008f4c2f10a
"McKim, Mead & White",Location information: New York|basic_html|Location information: New York,,,,"McKim, Mead & White",,,,dc6030d1-0dbe-46e5-aeda-55943a82ee26
"Memorial Stadium (Baltimore, Md.)",,http://viaf.org/viaf/316593993|||viaf|http://id.worldcat.org/fast/673892|||other,,,"Memorial Stadium (Baltimore, Md.)",,,,776f1203-d4ed-4d04-a643-6a6b9f41ef9e
Meyerhoff Scholarship Program,,http://viaf.org/viaf/153963940|||viaf|http://id.loc.gov/authorities/names/no2005039202|||lcnaf,,,Meyerhoff Scholarship Program,,,,0f8a7530-9517-4b81-bd99-3860f7e05eb9
Mezzo-tint Studio,"Location information: Washington, DC|basic_html|Location information: Washington, DC",,,,Mezzo-tint Studio,,,,13efd587-0e8e-47ef-8231-838ccf6bfa05
Michigan State University. Photographic Lab,,,,,Michigan State University,,Photographic Lab,,537a0c8b-0d1d-4ef0-b674-b9ec3dfad955
Middle States Association of Colleges and Schools,,http://viaf.org/viaf/144224176|||viaf|http://id.loc.gov/authorities/names/n78030211|||lcnaf,,,Middle States Association of Colleges and Schools,,,,4ea40328-df54-480b-9424-eebaed3cbc50
Milner Productions,,,,,Milner Productions,,,,0e6ab901-4252-496a-b50c-fa170ed22854
Milton S. Eisenhower Library,,http://viaf.org/viaf/136069532|||viaf|http://id.loc.gov/authorities/names/n82151454|||lcnaf,,,Milton S. Eisenhower Library,,,,bcdc9b8e-b7e8-4888-8925-77bfa3f4caa0
Milton S. Eisenhower Symposium,,http://viaf.org/viaf/133150521|||viaf|http://id.loc.gov/authorities/names/n85098381|||lcnaf,,,Milton S. Eisenhower Symposium,,,,f0f30a15-7d8f-4f17-9b0e-ece8246cd870tid
Milton S. Hershey Medical Center,,http://viaf.org/viaf/167472916|||viaf|http://id.loc.gov/authorities/names/n77015020|||lcnaf,,,Milton S. Hershey Medical Center,,,,d73c3b3e-4856-45ac-b303-e2a514ef4f98
Mitchel Studios,,,,,Mitchel Studios,,,,73dcab2c-192a-40ca-85ba-0bb142d0ca0a
Mitchell Studios,,,,,Mitchell Studios,,,,ab899644-912b-439f-930f-fb2286c890a7
Monsanto Company,,http://viaf.org/viaf/531145424654886830565|||viaf|http://id.loc.gov/authorities/names/n50005737|||lcnaf,,,Monsanto Company,,,,09dcf5f8-9038-4aaf-a50c-7942a1a7ee09
Montgomery Ward,,http://viaf.org/viaf/134855151|||viaf|http://id.loc.gov/authorities/names/n79075632|||lcnaf,,,Montgomery Ward,,,,a8719b95-3522-4821-ae73-f138e6217754
Morton Tadder Associates,,,,,Morton Tadder Associates,,,,3b37ea01-6cb1-4b08-bbfa-3acea520e2db
Mount Holyoke College,,http://viaf.org/viaf/124914975|||viaf|http://id.loc.gov/authorities/names/n79021153|||lcnaf,,,Mount Holyoke College,,,,d6cb0d0e-3112-4264-a805-102f8710b1b9
Mu Phi Epsilon,,http://viaf.org/viaf/151275948|||viaf|http://id.loc.gov/authorities/names/n81012249|||lcnaf,,,Mu Phi Epsilon,,,,4b6ef0f8-7226-4ca7-bbdc-bbed13480db2
National Academy of Sciences (U.S.),,http://viaf.org/viaf/128058762|||viaf|https://id.loc.gov/authorities/names/n79056514|||lcnaf,,,National Academy of Sciences (U.S.),,,,fe94edfd-b8fa-4ae0-9c9d-b796cedec898
National Association of State Universities and Land-Grant Colleges,,http://viaf.org/viaf/152966196|||viaf|http://id.loc.gov/authorities/names/n81024734|||lcnaf,,,National Association of State Universities and Land-Grant Colleges,,,,d3073a5c-4f29-42a0-a742-27fa79338099
National Institute of Standards and Technology (U.S.),,http://viaf.org/viaf/131110795|||viaf|http://id.loc.gov/authorities/names/n88112126|||lcnaf,,,National Institute of Standards and Technology (U.S.),,,,3b57c6af-2438-4b20-9d64-4e237b11fe12
National Institutes of Health (U.S.),,http://viaf.org/viaf/223553453|||viaf|http://id.loc.gov/authorities/names/n78085445|||lcnaf,,,National Institutes of Health (U.S.),,,,3eb3ed97-fee0-4a84-b57c-ce4331f35e4c
National Opinion Research Center,,http://viaf.org/viaf/130871519|||viaf|http://id.loc.gov/authorities/names/n79120282|||lcnaf,,,National Opinion Research Center,,,,08b39cb9-ca53-4f4f-b1da-4d547158208e
National Organization for Women,,http://viaf.org/viaf/136522669|||viaf|http://id.loc.gov/authorities/names/n50063455|||lcnaf,,,National Organization for Women,,,,ade42fd0-37e9-4812-9ccc-7f758a8593a0
National Science Foundation (U.S.),,http://viaf.org/viaf/157365449|||viaf|http://id.loc.gov/authorities/names/n79005681|||lcnaf,,,National Science Foundation (U.S.),,,,cec0b69c-0a9b-4a28-a064-5575eb5e7f95
Nationalsozialistische Deutsche Arbeiter-Partei,,http://viaf.org/viaf/146810847|||viaf|http://id.loc.gov/authorities/names/no2011065855|||lcnaf,,,National Socialist Party,,,,3812c92d-a585-4057-beea-361fe5940e04
Nautilus (Submarine : SSN-571),,http://viaf.org/viaf/135977854|||viaf|http://id.loc.gov/authorities/names/n81070676|||lcnaf,,,Nautilus (Submarine : SSN-571),,,,79598852-eb5b-4d9f-8d89-52c7f8ad136e
Naval Research Laboratory (U.S.),,http://viaf.org/viaf/132509966|||viaf|http://id.loc.gov/authorities/names/n79054558|||lcnaf,,,Naval Research Laboratory (U.S.),,,,ea87bdbb-1e38-4d9b-914a-78350dcb2e61
New Horizons (Spacecraft),,http://viaf.org/viaf/310713857|||viaf|http://id.loc.gov/authorities/names/n2014061514|||lcnaf,,,New Horizons (Spacecraft),,,,9f99d1b2-0ab9-4ffd-abc0-581e2355d146
New York Newsday,,,,,New York Newsday,,,,1e3f1523-60c6-4042-995d-258541a38fa1
New York Times company,,http://viaf.org/viaf/192149064|||viaf,,,New York Times company,,,,127d5b0e-61ee-4939-807b-659a14f3e0a2
New York Times Studio,,,,,New York Times Studio,,,,546709ca-9939-4978-9be6-2a4ed8ecbd54
New York University. School of Law,,http://viaf.org/viaf/144113313|||viaf|http://id.loc.gov/authorities/names/n81013381|||lcnaf,,,New York University,,School of Law,,bf779e79-01b0-4496-b6ed-f77512abfbf2
"Notman Photo Co. (Boston, Mass.)","Location information: Boston, MA|basic_html|Location information: Boston, MA",http://viaf.org/viaf/148129503|||viaf|http://id.loc.gov/authorities/names/no2007135162|||lcnaf,,,"Notman Photo Co. (Boston, Mass.)",,,,b3c2a8a9-539c-43fe-95b8-971ea08d1059
Office of News and Information Services,,,,,Office of News and Information Services,,,,aca8df8a-8a1b-42d3-838b-89d9a0759d7b
Ohio State University,,http://viaf.org/viaf/129559629|||viaf|http://id.loc.gov/authorities/names/n79046205|||lcnaf,,,Ohio State University,,,,cb862fae-c86c-4943-8317-ad5a0c40e28a
"Olympic Winter Games (22nd : 2014 : Sochi, Russia)",,http://viaf.org/viaf/147224752|||viaf|http://id.loc.gov/authorities/names/n2009042303|||lcnaf,"Sochi, Russia",22nd,Olympic Winter Games,,,,bd8cd65f-40f2-4c86-a0ad-f6014d76d1b1
Omicron Delta Kappa,,http://viaf.org/viaf/159378017|||viaf|http://id.loc.gov/authorities/names/n2004071293|||lcnaf,,,Omicron Delta Kappa,,,,2231eb82-6b8b-44f6-ba59-28fdc3c0fb5d
Organ Procurement and Transplantation Network (United States),,http://viaf.org/viaf/138737924|||viaf|http://id.loc.gov/authorities/names/no2006001369|||lcnaf,,,Organ Procurement and Transplantation Network (United States),,,,06ee3ce1-d9f5-488e-a53e-88c7fcd32bd7
"Oscar & Associates, Inc.","Location information: Chicago, IL|basic_html|Location information: Chicago, IL",,,,"Oscar & Associates, Inc.",,,,75e2d7e1-6afd-4347-97a6-db5c7172ca87
P & A Photo,Location information: New York|basic_html|Location information: New York,,,,P & A Photo,,,,4006070b-1763-4bc2-b549-2af96b099f32
Pach Brothers (Firm),"Location information: New York; Cambridge, MA|basic_html|Location information: New York; Cambridge, MA",http://viaf.org/viaf/124487236|||viaf|http://id.loc.gov/authorities/names/n93124968|||lcnaf,,,Pach Brothers (Firm),,,,ba180bb2-9912-4758-b77b-29281ec0977b
"Parker, Thomas & Rice",,,,,"Parker, Thomas & Rice",,,,4b4418a2-cbdd-4203-9bf2-5ae2cfbc9930
Peabody Conservatory of Music,,http://viaf.org/viaf/145481534|||viaf|http://id.loc.gov/authorities/names/n85129666|||lcnaf,,,Peabody Conservatory of Music,,,,cd1bec45-75fd-4ce4-9a54-e266238f6dd6
Pennsylvania State University,,http://viaf.org/viaf/131708105|||viaf|http://id.loc.gov/authorities/names/n79097418|||lcnaf,,,Pennsylvania State University,,,,de659790-4877-40e5-97fc-ec525d026f3e
Pennsylvania State University. Applied Research Laboratory,,http://viaf.org/viaf/146571089|||viaf|http://id.loc.gov/authorities/names/n79105831|||lcnaf,,,Pennsylvania State University,,Applied Research Laboratory,,c02a094d-4828-4048-9a8d-b90ab575b34e
Perkin-Elmer Corporation,,http://viaf.org/viaf/144757228|||viaf|http://id.loc.gov/authorities/names/n82053279|||lcnaf,,,Perkin-Elmer Corporation,,,,260f67f8-0391-42d4-866c-3df0b0fe445a
Phi Kappa Psi,,http://viaf.org/viaf/153614857|||viaf|http://id.loc.gov/authorities/names/n81062679|||lcnaf,,,Phi Kappa Psi,,,,09816aad-be2b-4dec-83df-6b41d7be1604
Photo-crafters,,,,,Photo-crafters,,,,a0fe7e96-4163-447c-be3d-aeb266985308
Piccering Studio,"Location information: Annapolis, MD|basic_html|Location information: Annapolis, MD",,,,Piccering Studio,,,,ce7e9d67-2a11-4777-a9b0-06d092b126ca
Piper & Marbury,,http://viaf.org/viaf/153741421|||viaf|http://id.loc.gov/authorities/names/n91043466|||lcnaf,,,Piper & Marbury,,,,f39bff97-e500-4928-aa4c-43b9e84a756d
Pithotomy Club,,,,,Pithotomy Club,,,,5ad1abd8-fd6e-46fb-b54c-e6822a17e5ad
Princeton University,,http://viaf.org/viaf/141200041|||viaf|http://id.loc.gov/authorities/names/n79055384|||lcnaf,,,Princeton University,,,,0d52d00b-6d22-4835-98df-0b9196bf7c18
Project Liberty Ship,"Location information: Baltimore, MD|basic_html|Location information: Baltimore, MD",,,,Project Liberty Ship,,,,054519db-6b3b-45ac-a2d8-b48eb5fe8a75
Project Muse,,http://viaf.org/viaf/149092937|||viaf|http://id.loc.gov/authorities/names/n96089174|||lcnaf,,,Project Muse,,,,5dc19b5b-0673-4e9f-a45f-0c2d73269ef8
Rembrandt Studio,"Location information: Easton, PA|basic_html|Location information: Easton, PA",,,,Rembrandt Studio,,,,ca051a18-8150-429e-a7d7-f16d20ee1f74
Republican Party (U.S. : 1854- ),,http://viaf.org/viaf/123152632|||viaf|http://id.loc.gov/authorities/names/n80067040|||lcnaf,,,Republican Party (U.S. : 1854- ),,,,83205e3e-3ed4-41f0-8df1-b6c1671c46bc
"Research Information Services, GE","Location information: Schenectady, NY|basic_html|Location information: Schenectady, NY",,,,"Research Information Services, GE",,,,1bf918b2-85c9-430d-881f-4674ed40b4ab
Rettberg Brothers,,,,,Rettberg Brothers,,,,9a1ce391-bd86-4695-ab46-5db97b1f9000
Robert Smith Photography,,,,,Robert Smith Photography,,,,7f4b087e-9539-4153-bb1d-16e97fc2b325
Rockefeller Institute for Medical Research,,http://viaf.org/viaf/137251162|||viaf|http://id.loc.gov/authorities/names/n84004719|||lcnaf,,,Rockefeller Institute for Medical Research,,,,83d1f2cc-e87d-48a6-95b1-70eac3d04f9c
Rockwood Photo,Location information: New York|basic_html|Location information: New York,,,,Rockwood Photo,,,,6768aa2e-e9d4-47fc-97de-5aa029d41598
Rohm and Haas Company,,http://viaf.org/viaf/153495768|||viaf|http://id.loc.gov/authorities/names/n83191201|||lcnaf,,,Rohm and Haas Company,,,,89585e09-93e3-44e0-9c01-49c978b828ac
"Rose Studio (Providence, R.I.)",,http://id.loc.gov/authorities/names/no2009062549|||lcnaf|http://viaf.org/viaf/152835401|||viaf,,,Y. E. Rose Studio,,,,fce68611-4362-4600-a9b5-30872f1b6ede
Ross Photos,"Location information: New York City, NY|basic_html|Location information: New York City, NY",,,,Ross Photos,,,,7d07a360-fdcc-45d0-b79e-ab0377aee64e
"Royal Prince Alfred Hospital (Sydney, N.S.W.)",,http://viaf.org/viaf/155735775|||viaf|http://id.loc.gov/authorities/names/n85387244|||lcnaf,,,"Royal Prince Alfred Hospital (Sydney, N.S.W.)",,,,186492e9-6747-42fb-9542-f6c5af4c8a0f
Savoy Studio,,,,,Savoy Studio,,,,03682c92-6335-4f49-989f-68afc6fa9c79
Schaefer & Sons,,,,,Schaefer & Sons,,,,1dd3cf74-64e6-4ccc-9415-5b2910d2842f
Schuyler Studios,Location information: New York|basic_html|Location information: New York,,,,Schuyler Studios,,,,553b196e-7ed5-4269-acc4-006b57430889
Shaw Studio,"Location information: Bloomington, IN|basic_html|Location information: Bloomington, IN",,,,Shaw Studio,,,,8d8d2d82-c882-4a97-b7c6-b905c3079af9
Shelburne Studios,Location information: New York|basic_html|Location information: New York,,,,Shelburne Studios,,,,3ad5e6c1-7629-4a38-b548-194428c9f8db
Johns Hopkins University. Sheridan Libraries,,http://viaf.org/viaf/125835239|||viaf|http://id.loc.gov/authorities/names/no2003106463|||lcnaf,,,Johns Hopkins University,,Sheridan Libraries,,4cac922d-a0e5-4418-a5ea-7d428d9a6e8d
Sherman & McHugh,Location information: New York|basic_html|Location information: New York,,,,Sherman & McHugh,,,,4e87a5ea-b12b-43b9-834e-d4d465f62c10
Sherman Sable Studio,"Location information: Syracuse, NY|basic_html|Location information: Syracuse, NY",,,,Sherman Sable Studio,,,,a0cbfc85-98ae-45a8-b278-4438b9373b18
Shervee & Bushong,"Location information: Worcester, MA|basic_html|Location information: Worcester, MA",,,,Shervee & Bushong,,,,b3bb91ed-a062-4e2b-9447-63042dad30f4
"Shriver Hall concert series Baltimore, Md.",,http://viaf.org/viaf/125993585|||viaf,,,"Shriver Hall concert series Baltimore, Md.",,,,a21f6c23-79df-4971-88ac-aef004162e80
Sigma Phi Epsilon,,http://viaf.org/viaf/135165873|||viaf|http://id.loc.gov/authorities/names/no95011282|||lcnaf,,,Sigma Phi Epsilon,,,,32fc801f-60c0-4e7b-90fd-392ab378844a
Skidmore College,,http://viaf.org/viaf/126678521|||viaf|http://id.loc.gov/authorities/names/n81063529|||lcnaf,,,Skidmore College,,,,163afa4a-4bee-4d61-bec7-204919d4e616
Slinkman Photographers,,,,,Slinkman Photographers,,,,61782bdc-42d9-4887-96e0-cb9f3af4d03c
Smith Studios,"Location information: Frederick, MD|basic_html|Location information: Frederick, MD",,,,Smith Studios,,,,d8e8e626-e87d-4961-a149-68c9c6140a41
Socony Mobil Oil Co.,"Location information: New York City, NY|basic_html|Location information: New York City, NY",,,,Socony Mobil Oil Co.,,,,5a0ae4ff-7e46-45e7-a64c-9a6e20c0c3ba
Southern University and A & M College,,http://id.loc.gov/authorities/names/n80004182|||lcnaf|http://viaf.org/viaf/138367926|||viaf,,,Southern University and A & M College,,,,c38b36e1-40ab-4c7f-adb2-43d817e98fd4
Space Telescope Science Institute (U.S.),,http://viaf.org/viaf/123013418|||viaf|http://id.loc.gov/authorities/names/n82165594|||lcnaf,,,Space Telescope Science Institute (U.S.),,,,7677d23f-532a-4aa0-976d-814dac5a6c78
"Sparrows Point Yard (Sparrows Point, Md.)",,http://viaf.org/viaf/124676329|||viaf|http://id.loc.gov/authorities/names/no2002114866|||lcnaf,,,"Sparrows Point Yard (Sparrows Point, Md.)",,,,f68be17b-ad7f-481b-91a3-4824b40e3b43
"St. John's College (Annapolis, Md.)",,http://viaf.org/viaf/128707365|||viaf|http://id.loc.gov/authorities/names/n82028461|||lcnaf,,,"St. John's College (Annapolis, Md.)",,,,4fc80f6e-10df-4c8b-9ad7-5cac01fbe902
St. Mary's College of Maryland,,http://viaf.org/viaf/152543949|||viaf|http://id.loc.gov/authorities/names/n87933749|||lcnaf,,,St. Mary's College of Maryland,,,,0038136f-e051-40b7-b1d4-efaa4686799d
Stanford University,,http://viaf.org/viaf/158761280|||viaf|https://id.loc.gov/authorities/names/n79054636|||lcnaf,,,Stanford University,,,,a00a36a4-11e5-4479-9251-7a1a33e83294
Stanton & Butler,,,,,Stanton & Butler,,,,667169ba-7f50-41d1-9461-03e866fd12f0
Stilliard & Co.,"Location information: Oxford, England|basic_html|Location information: Oxford, England",,,,Stilliard & Co.,,,,d7abf7a6-034e-43d2-a244-6628a2d4968d
Success for All (Program),,http://viaf.org/viaf/159412287|||viaf|http://id.loc.gov/authorities/names/n00089005|||lcnaf,,,Success for All (Program),,,,9e8c0a22-deef-4cf2-902c-7c5c82fe0852
Syracuse University. Photo Press Department,,,,,Syracuse University,,Photo Press Department,,fd1a6278-bee4-4a3b-95d8-fdd8bb2dda42
Tau Beta Pi,,http://viaf.org/viaf/149061302/|||viaf|http://id.loc.gov/authorities/names/n91080044|||lcnaf,,,Tau Beta Pi,,,,a88b89ea-d2d4-48b2-ae2f-8463bc86d449
Temple University,,http://viaf.org/viaf/127396206|||viaf|http://id.loc.gov/authorities/names/n79120709|||lcnaf,,,Temple University,,,,6874bacc-51fc-4439-9a9b-d77b332ab585
The Hughes Co.,Location information: Baltimore MD|basic_html|Location information: Baltimore MD,,,,The Hughes Co.,,,,fd870b1e-435b-4bc8-8563-363ed3fedd2f
The Johns Hopkins News-Letter,,,,,The Johns Hopkins News-Letter,,,,37a59c87-f2a8-42b0-aba4-0116c333c514
The Lawrence Eagle-Tribune,,,,,The Lawrence Eagle-Tribune,,,,fe36abb1-77c4-46db-8638-422a28a65c4f
Thompson Studios,,,,,Thompson Studios,,,,9c24024f-299e-471e-bef3-d77233dbfe73
"Todd Studios, Inc.","Location information: Baltimore, MD|basic_html|Location information: Baltimore, MD",,,,"Todd Studios, Inc.",,,,7abcab2d-5725-48f6-93cf-ef8d6bac2906
Towne Studios,"Location information: Somerville, NJ|basic_html|Location information: Somerville, NJ",,,,Towne Studios,,,,1cc0c497-722b-4f55-a279-10e8bc661596
Tudor and Stuart Club (Johns Hopkins University),,http://viaf.org/viaf/158883169|||viaf|http://id.loc.gov/authorities/names/n87901257|||lcnaf,,,Tudor and Stuart Club (Johns Hopkins University),,,,2e92dad6-e57e-4b12-aaba-a373116870dc
U.S. Atomic Energy Commission,,http://viaf.org/viaf/138898115|||viaf|http://id.loc.gov/authorities/names/n78034861|||lcnaf,,,U.S. Atomic Energy Commission,,,,261cdb57-f340-4b9e-856b-9043333c8bfe
U.S. Census Bureau,,http://viaf.org/viaf/165439621|||viaf|http://id.loc.gov/authorities/names/no2003100601|||lcnaf,,,U.S. Census Bureau,,,,a5d5f811-9fa9-4484-8c73-a1431fbec541
Udel Brothers,,,,,Udel Brothers,,,,ccd5573b-dd06-482d-8e5f-d664a16af4b6
Underwood & Underwood,"Location information: Washington, DC; NY|basic_html|Location information: Washington, DC; NY",,,,Underwood & Underwood,,,,b60897d1-a342-486d-b7e0-3269b958b63a
Uniform commercial code,,http://viaf.org/viaf/178293362|||viaf|http://id.loc.gov/authorities/names/n92056781|||lcnaf,,,Uniform commercial code,,,,d636050f-7030-4e94-be29-0fea6d880951
Union Carbide and Carbon Corporation,Location information: New York|basic_html|Location information: New York,http://viaf.org/viaf/147842775|||viaf|http://id.loc.gov/authorities/names/n87843117|||lcnaf,,,Union Carbide and Carbon Corporation,,,,d665efec-85c4-4c3d-80fb-53b56c39e1f3
UNITE HERE (Organization),,http://viaf.org/viaf/139908626|||viaf|http://id.loc.gov/authorities/names/no2004106504|||lcnaf,,,UNITE HERE (Organization),,,,afeace2c-5e81-45a3-a273-2fe875b3cfcf
United States Military Academy,,http://viaf.org/viaf/133396889|||viaf|http://id.loc.gov/authorities/names/n79074300|||lcnaf,,,United States Military Academy,,,,fd835355-af42-4190-8ba4-e924deaa98c2
United States. Air Force,,http://viaf.org/viaf/142489267|||viaf|http://id.loc.gov/authorities/names/n79126811|||lcnaf,,,United States,,Air Force,,36785e0d-38f9-443c-af08-78bce355fbda
United States. Air Force. Air Research and Development Command,,http://viaf.org/viaf/141315730|||viaf|http://id.loc.gov/authorities/names/n81047476|||lcnaf,,,United States,,Air Force|Air Research and Development Command,,5980661e-4e9a-4433-b6a6-e6171eebf53ftid
United States. Army,,http://viaf.org/viaf/135579316|||viaf|http://id.loc.gov/authorities/names/n79063202|||lcnaf,,,United States,,Army,,e6902ea5-449a-4674-9451-c0814fd71e10
United States. Army Air Forces,,http://viaf.org/viaf/134812480|||viaf|http://id.loc.gov/authorities/names/n80126028|||lcnaf,,,United States,,Army Air Force,,f2136e81-b58e-4ab3-a9e5-528d5775b8a2
United States. Army Nurse Corps,,http://viaf.org/viaf/143038769|||viaf|http://id.loc.gov/authorities/names/n50071170|||lcnaf,,,United States,,Army Nurse Corps,,abe5b7d3-3ebc-4c3c-a354-f5683aad2040
United States. Army. Air Service,,http://id.loc.gov/authorities/names/n8607180|||lcnaf|http://viaf.org/viaf/145500841|||viaf,,,United States,,Army|Air Service,,c59243cb-e0e1-418b-bf7e-55e6c906270b
United States. Army. Air Service. Engineering Division,"Location information: Dayton, OH|basic_html|Location information: Dayton, OH",http://id.loc.gov/authorities/names/n88127118|||lcnaf|http://viaf.org/viaf/157957139|||viaf,,,United States,,Army|Air Service|Engineering Division,,c35bbbbb-7fd4-45cf-81da-6a7ba70fc47b
United States. Army. Corps of Engineers,,http://viaf.org/viaf/157704448|||viaf|http://id.loc.gov/authorities/names/n79069640|||lcnaf,,,United States,,Army|Corps of Engineers,,b124a32f-f9c9-45cb-86df-be9c5b1a1688
United States. Army. Reserve Officers' Training Corps,,http://viaf.org/viaf/144240105|||viaf|http://id.loc.gov/authorities/names/n80013543|||lcnaf,,,United States,,Army|Reserve Officers' Training Corps,,39c6eaea-5620-467b-8a0b-b56a8d4a14de
United States. Army. Signal Corps,,http://id.loc.gov/authorities/names/n79099281|||lcnaf|http://viaf.org/viaf/162873812|||viaf,,,United States,,Army|Signal Corps,,acd9444a-aa6c-4b19-b00f-ccdb541ab12d
United States. Central Intelligence Agency,,http://viaf.org/viaf/140094734|||viaf|http://id.loc.gov/authorities/names/n79099301|||lcnaf,,,United States,,Central Intelligence Agency,,ebf6315d-bc65-446a-943c-7de1d92dc7a5
United States. Congress. House. Committee on Ways and Means,,http://viaf.org/viaf/145346646|||viaf|http://id.loc.gov/authorities/names/n79017982|||lcnaf,,,United States,,Congress|House|Committee on Ways and Means,,4570e86c-01fd-4f5f-8960-2306c067dc1f
United States. Department of Defense,,http://viaf.org/viaf/128989241|||viaf|http://id.loc.gov/authorities/names/n79021946|||lcnaf,,,United States,,Department of Defense,,33ef80cc-244b-4b5f-934c-d2ef119ff8a2
United States. Department of Education,,http://viaf.org/viaf/157083478|||viaf|http://id.loc.gov/authorities/names/n78009820|||lcnaf,,,United States,,Department of Education,,4ce49d9c-b2ec-4588-8e79-cb204bd1d4a9
United States. Department of Health and Human Services,,http://viaf.org/viaf/145337417|||viaf|http://id.loc.gov/authorities/names/n80102594|||lcnaf,,,United States,,Department of Health and Human Services,,8e1fdcb5-29c0-4953-9b99-69fab58f69e6
United States. Federal Bureau of Investigation,,http://viaf.org/viaf/136624868|||viaf|http://id.loc.gov/authorities/names/n78095617|||lcnaf,,,United States,,Federal Bureau of Investigation,,a3203e99-7393-46ad-bcb9-6fb94d592a9b
United States. Food and Drug Administration,,http://viaf.org/viaf/151271988|||viaf|http://id.loc.gov/authorities/names/n80126147|||lcnaf,,,United States,,Food and Drug Administration,,8790b220-9cb7-4a11-8e57-556d4340b634
United States. Health Care Financing Administration,,http://viaf.org/viaf/133665704|||viaf|http://id.loc.gov/authorities/names/n77009797|||lcnaf,,,United States,,Health Care Financing Administration,,dcdb584b-1d57-4e96-844b-537bef6052ba
United States. Marine Corps,,http://viaf.org/viaf/153063409|||viaf|http://id.loc.gov/authorities/names/n78095328|||lcnaf,,,United States,,Marine Corps,,75311f43-d2c9-433e-8284-86fe2787ef95
United States. National Advisory Committee for Aeronautics,,http://viaf.org/viaf/136563305|||viaf|http://id.loc.gov/authorities/names/n79060141|||lcnaf,,,United States,,National Advisory Committee for Aeronautics,,a09cf012-4770-4687-b77c-1752d19f36d3
United States. National Aeronautics and Space Administration,,http://viaf.org/viaf/146202023|||viaf|http://id.loc.gov/authorities/names/n78087581|||lcnaf,,,United States,,National Aeronautics and Space Administration,,6cf09d9a-db12-4192-8f66-9f392c7417d0
United States. National Archives and Records Administration,,http://viaf.org/viaf/132254586|||viaf|http://id.loc.gov/authorities/names/n84176101|||lcnaf,,,United States,,National Archives and Records Administration,,0489d33a-d230-40b3-84e5-5b6cb89b2e2d
United States. Navy,,http://viaf.org/viaf/128926517|||viaf|http://id.loc.gov/authorities/names/n79059051|||lcnaf,,,United States,,Navy,,efcb5649-8a4a-4339-99f9-d0d10250c134
United States. Office of Management and Budget,,http://viaf.org/viaf/141236281|||viaf|http://id.loc.gov/authorities/names/n80126133|||lcnaf,,,United States,,Office of Management and Budget,,bd1490a2-de7f-41bb-9054-5cf472700d11
United States. Public Health Service,,http://viaf.org/viaf/155861449|||viaf|http://id.loc.gov/authorities/names/n79096730|||lcnaf,,,United States,,Public Health Service,,a215ee9d-5434-49cc-9505-ba0c396d3156
United States. Surgeon-General's Office,,http://viaf.org/viaf/134855547|||viaf|http://id.loc.gov/authorities/names/n79081756|||lcnaf,,,United States,,Surgeon-General's Office,,6696bc62-6681-405c-a14e-af11c9e7dd88
United States. War Production Board,,http://viaf.org/viaf/126638543|||viaf|http://id.loc.gov/authorities/names/n50060401|||lcnaf,,,United States,,War Production Board,,a330c29a-b039-4207-b1d3-0985475bf092
United Way of America,,http://viaf.org/viaf/148911719|||viaf|http://id.loc.gov/authorities/names/n79081777|||lcnaf,,,United Way of America,,,,69526699-7fa2-4943-878a-b0fdbd70f1c5
Università di Bologna,,http://viaf.org/viaf/155886025|||viaf|http://id.loc.gov/authorities/names/n79043915|||lcnaf,,,Università di Bologna,,,,053c0f0f-4b7e-4bc1-8859-63fb1a9cd26c
"University of California, San Francisco Medical Center",,http://viaf.org/viaf/133698324|||viaf|http://id.loc.gov/authorities/names/n81035991|||lcnaf,,,"University of California, San Francisco Medical Center",,,,0b1d1f13-71f9-41ff-9509-02cc2601c932
University of Cambridge,,http://viaf.org/viaf/153568718|||viaf|http://id.loc.gov/authorities/names/n79018862|||lcnaf,,,University of Cambridge,,,,0eb359b4-1095-4f3f-86d5-63e02165e6d6
University of Chicago,,http://viaf.org/viaf/143657677|||viaf|http://id.loc.gov/authorities/names/n79058404|||lcnaf,,,University of Chicago,,,,f8d52484-1392-47f0-af2f-f511284483e9
University of Flordia. Engineering Photo Lab,,,,,University of Flordia,,Engineering Photo Lab,,4b37ba97-0707-4594-a342-79fa70bdc79a
University of Florida,,http://id.loc.gov/authorities/names/n79056498|||lcnaf|http://viaf.org/viaf/157231387|||viaf,,,University of Florida,,,,089400da-c967-4f07-8de6-0a7921749d9f
University of Maryland (System),,http://viaf.org/viaf/144265202|||viaf|http://id.loc.gov/authorities/names/n82036971|||lcnaf,,,University of Maryland (System),,,,839b2670-88e6-485b-938f-1b6c93ee2568
University of Maryland at Baltimore. School of Law,,http://viaf.org/viaf/135934214|||viaf|http://id.loc.gov/authorities/names/n82075720|||lcnaf,,,University of Maryland at Baltimore,,School of Law,,b7c510de-bbdc-4abb-ab8b-edf339964ab5
University of Maryland at Baltimore. School of Medicine,,http://viaf.org/viaf/123192955|||viaf|http://id.loc.gov/authorities/names/n83073338|||lcnaf,,,University of Maryland at Baltimore,,School of Medicine,,77324f39-df5b-4663-890e-bb3be79fe7a7
"University of Maryland, College Park",,http://viaf.org/viaf/133887555|||viaf|http://id.loc.gov/authorities/names/n79054042|||lcnaf,,,"University of Maryland, College Park",,,,154a89b7-8ac8-40bb-b427-4219d996a5fa
University of Michigan. Medical School,,http://viaf.org/viaf/150105905|||viaf|http://id.loc.gov/authorities/names/n81055151|||lcnaf,,,University of Michigan,,Medical School,,cf3905bf-dd3b-431d-8d73-6385f84d9b06
University of North Carolina at Chapel Hill,,http://viaf.org/viaf/157864378|||viaf|http://id.loc.gov/authorities/names/n82047813|||lcnaf,,,University of North Carolina at Chapel Hill,,,,c13ea5cc-7403-44ca-977c-520600a21472
University of Pennsylvania,,http://viaf.org/viaf/267632219|||viaf|http://id.loc.gov/authorities/names/n79065482|||lcnaf,,,University of Pennsylvania,,,,14206969-269f-407d-b894-a5a598c257d9
University of Texas,,http://viaf.org/viaf/136080652|||viaf|http://id.loc.gov/authorities/names/n79023322|||lcnaf,,,University of Texas,,,,0292b3ab-840c-4f49-a105-3be5cc823376
University of Texas at Austin. Applied Research Laboratories,,http://viaf.org/viaf/153664463|||viaf|http://id.loc.gov/authorities/names/n85033066|||lcnaf,,,University of Texas at Austin,,Applied Research Laboratories,,70f823ae-187d-44d0-8dc5-f1f2491747cb
University of Texas. News & Information Services,,,,,University of Texas,,News & Information Services,,6ca87b9b-adfc-462a-889f-0c5566ebe137
University of Washington,,http://viaf.org/viaf/154911632|||viaf|http://id.loc.gov/authorities/names/n79054596|||lcnaf,,,University of Washington,,,,e8f3d2ed-fe98-4f9c-8bfb-50203f714d23
University of Washington. Applied Physics Laboratory,,http://viaf.org/viaf/127825674|||viaf|http://id.loc.gov/authorities/names/n79014943|||lcnaf,,,University of Washington,,Applied Physics Laboratory,,096f6775-5395-4a69-9575-16b2f478a07d
UPI,,,,,UPI,,,,129332a4-138b-4079-8d14-60113d7f540a
Vail Brothers,"Location information: Poughkeepsie, NY|basic_html|Location information: Poughkeepsie, NY",,,,Vail Brothers,,,,7a6e07d8-591f-4ef0-b772-7fcbc28775b9
Vanderbilt University. School of Medicine,,http://viaf.org/viaf/145939150|||viaf|http://id.loc.gov/authorities/names/n83825857|||lcnaf,,,Vanderbilt University,,School of Medicine,,fcfa5e2a-7085-4831-bda5-af84606d1171
Vassar College. News Service,,,,,Vassar College,,News Service,,553da968-a3d8-4125-b3b6-5c927e0770c4
Vincent Mitchell Studio,"Location information: Baltimore, MD|basic_html|Location information: Baltimore, MD",,,,Vincent Mitchell Studio,,,,5b3a50d9-6728-4e6d-affe-e381ae86839b
Volpe Studios,Location information: New York|basic_html|Location information: New York,,,,Volpe Studios,,,,5ffb3665-f2c1-4158-8d82-834d6859e53b
Voyager Project,,http://viaf.org/viaf/146712708|||viaf|http://id.loc.gov/authorities/names/n90692226|||lcnaf,,,Voyager Project,,,,b18e98a2-2037-4a9d-906c-100c16483087
W.K. Kellogg Foundation,,http://viaf.org/viaf/140140023|||viaf|http://id.loc.gov/authorities/names/n79055095|||lcnaf,,,W.K. Kellogg Foundation,,,,a1306dd8-5476-489d-b8cb-01ba8c404ae5
"WAAM (Television station : Baltimore, Md.)",,http://viaf.org/viaf/151236552|||viaf|http://id.loc.gov/authorities/names/n00123254|||lcnaf,,,"WAAM (Television station : Baltimore, Md.)",,,,2b06b580-74c5-440d-8462-3a78b8e5c40d
Wagner International Photos,"Location information: New York City, NY|basic_html|Location information: New York City, NY",,,,Wagner International Photos,,,,fed11edb-e9fb-446d-bb97-49f045fa6b00
Walter Hines Page School of International Relations,,http://viaf.org/viaf/158318144|||viaf|http://id.loc.gov/authorities/names/n83209243|||lcnaf,,,Walter Hines Page School of International Relations,,,,3a7cabfd-11ee-4a60-a9cc-04d7cacb5cff
"Walters Art Gallery (Baltimore, Md.)",,http://viaf.org/viaf/126086372|||viaf|http://id.loc.gov/authorities/names/n79027105|||lcnaf,,,"Walters Art Gallery (Baltimore, Md.)",,,,ba89145e-b063-4745-a9d4-ea1626fd9d0d
Washington State College,"Location information: Pullman, WS|basic_html|Location information: Pullman, WS",,,,Washington State College,,,,a2e95946-4db7-46ee-9799-d2c6821dbc45
"WDTV (Television station : Pittsburgh, Pa.)",,,,,"WDTV (Television station : Pittsburgh, Pa.)",,,,e84affc5-1932-49f3-80a9-20b09ed88472
Werner & Son,Location information: Dublin|basic_html|Location information: Dublin,http://viaf.org/viaf/155149853|||viaf|http://id.loc.gov/authorities/names/no2007069190|||lcnaf,,,Werner & Son,,,,18d033a3-eb56-4bc4-8608-9529a438dbda
"Western Female Public High School (Baltimore, Md.)",,http://viaf.org/viaf/141168174|||viaf|http://id.loc.gov/authorities/names/nr94037524|||lcnaf,,,"Western Female Public High School (Baltimore, Md.)",,,,fcece3e3-0e30-4a85-87b1-365ba973c56a
Westinghouse Electric & Manufacturing Company,,http://viaf.org/viaf/122639857|||viaf|http://id.loc.gov/authorities/names/n82081623|||lcnaf,,,Westinghouse Electric & Manufacturing Company,,,,abfe4901-f641-477e-8581-8a43a37b3bfa
White House Photo,,,,,White House Photo,,,,75707a0f-d20b-4250-bf81-0b9c9d041ee5
White One Photo,"Location information: 124 W. 72nd Street NY, NY 10023. Spelling of name uncertain.|basic_html|Location information: 124 W. 72nd Street NY, NY 10023. Spelling of name uncertain.",,,,White One Photo,,,,08b9ff77-aa04-4f99-a174-39100fda7ad6
White Studio,Location information: NY|basic_html|Location information: NY,,,,White Studio,,,,e4125ff0-0692-4504-b75c-c80725e6abd4
"Wide World Photos, Inc.",,http://viaf.org/viaf/158480353|||viaf|http://id.loc.gov/authorities/names/n2004102678|||lcnaf,,,"Wide World Photos, Inc.",,,,557c207f-7345-446f-8f51-3972ca4a1c65
"Willard Stewart, Inc.",,,,,"Willard Stewart, Inc.",,,,9294cafb-1f39-4202-af42-ba3a3eb00ad5
William H. Welch Medical Library,,http://viaf.org/viaf/153020256|||viaf|http://id.loc.gov/authorities/names/n82059149|||lcnaf,,,William H. Welch Medical Library,,,,b5693cc1-3447-480b-8a02-4318aa14f76f
WJHU (Internet radio station),,http://viaf.org/viaf/3765155832943933490007|||viaf|http://id.loc.gov/authorities/names/n2019027314|||lcnaf,,,WJHU (Internet radio station),,,,0ec8d01c-dac9-464f-b909-fd5a9a66efbd
"WJZ-TV (Television station : Baltimore, Md.)",,http://viaf.org/viaf/132577206|||viaf|http://id.loc.gov/authorities/names/n84167498|||lcnaf,,,"WJZ-TV (Television station : Baltimore, Md.)",,,,e2554e69-052f-45d6-8653-ef9d51a0c28d
Woods Hole Oceanographic Institution,,http://viaf.org/viaf/139421251|||viaf|http://id.loc.gov/authorities/names/n80044903|||lcnaf,,,Woods Hole Oceanographic Institution,,,,9b1a580b-78dd-4920-aa4d-6f715a2050d8
Woodward & Lothrop,,http://viaf.org/viaf/133868598|||viaf|http://id.loc.gov/authorities/names/n97104801|||lcnaf,,,Woodward and Lothrop,,,,32c49cc7-c68f-4abc-99c7-9edd11fec57a
Wooley Co.,"Location information: Silver Bay, NY|basic_html|Location information: Silver Bay, NY",,,,Wooley Co.,,,,5bd052bc-77fb-40a0-81d4-4fc50f81077a
Wyatt & Nolting,,http://vocab.getty.edu/page/ulan/500216724|||ulan|http://viaf.org/viaf/305186340|||viaf,,,Wyatt & Nolting,,,,1fbd60c2-6fc7-48fe-bb34-17d9cd6e895f
Yale University,,http://viaf.org/viaf/149131869|||viaf|http://id.loc.gov/authorities/names/n79043367|||lcnaf,,,Yale University,,,,de77c37e-d04a-430e-ae9c-331f4e241cc3
Youngstown State University,,http://viaf.org/viaf/137793586|||viaf|http://id.loc.gov/authorities/names/n82008876|||lcnaf,,,Youngstown State University,,,,7417a111-47e6-4aaf-b973-da698abb21da
Zoll and Son,,,,,Zoll and Son,,,,e4ff02c8-c614-4025-ac2d-78fc5f5708b2
